Species,Number,Site,date collected,complete increments,O/T,Age,D1 (mm) (to edge),D2 (mm),D3 (mm),otolith measurement check & comments,initial oto reader (initials),checker (initials),SL (mm),FL (mm),TL (mm),whole Body mass (g),gonad mass (g),somatic mass (g),Predicted TL 2022,Predicted TL 2021,Predicted Somatic Mass (g) 2022,Predicted Somatic Mass (g) 2021,Predicted growth 2021-2022 (g)
CHPU,2022-CHPU-BK-001,BK,5/25/22,6,O,6,3.162,3.088,2.967,"yes, MAS altered",KR,,158,178,199,117.4,0.1,117.3,193,185,107.6,93.7,13.8
CHPU,2022-CHPU-BK-002,BK,5/25/22,3,T,4,3.263,3.263,2.932,"yes, MAS",KR,,164,184,206,130.2,0.66,129.5,205,182,129.9,90,39.9
CHPU,2022-CHPU-BK-003,BK,5/25/22,3,T,4,3.235,3.235,2.985,"yes, MAS",KR,,163,184,206,138.5,2.03,136.5,203,186,126.1,95.7,30.4
CHPU,2022-CHPU-BK-004,BK,5/25/22,3,T,4,3.047,3.047,2.871,"yes, MAS",KR,,148,167,188,91.1,0.03,91.1,190,178,102.7,83.7,19.1
CHPU,2022-CHPU-BK-005,BK,5/25/22,3,T,4,3.204,3.204,2.918,"yes, MAS altered",KR,,168,191,214,173.9,0.66,173.2,201,181,122,88.5,33.5
CHPU,2022-CHPU-BK-006,BK,5/25/22,2,O,2,3.041,2.946,2.421,"yes, MAS altered",KR,,151,170,191,111.3,1.1,110.2,183,146,91.5,46,45.5
CHPU,2022-CHPU-BK-007,BK,5/25/22,2,T,3,2.963,2.963,2.768,"yes, MAS altered",KR,,148,168,191,104.2,0.06,104.1,184,170,93.3,73.7,19.6
CHPU,2022-CHPU-BK-008,BK,5/25/22,4,O,4,3.045,2.971,2.688,"yes, MAS altered",KR,,151,173,194,107.7,0.06,107.6,185,165,94.2,66.5,27.7
CHPU,2022-CHPU-BK-009,BK,5/25/22,3,T,4,3.046,3.046,2.85,"yes, MAS",KR,,160,181,204,134.2,3.42,130.8,190,176,102.6,81.6,21.1
CHPU,2022-CHPU-BK-010,BK,5/25/22,2,T,3,2.869,2.869,2.489,"yes, MAS altered",KR,,140,158,179,85.8,0.08,85.7,178,151,83.5,50.7,32.7
CHPU,2022-CHPU-BK-011,BK,5/25/22,3,T,4,3.076,3.076,2.879,"yes, MAS altered",KR,,152,172,191,112.3,0.11,112.2,192,178,106.1,84.5,21.7
CHPU,2022-CHPU-BK-012,BK,5/25/22,3,T,4,3.029,3.029,2.738,"yes, MAS altered",KR,,155,175,198,111.7,,111.7,189,168,100.7,70.9,29.7
CHPU,2022-CHPU-BK-013,BK,5/25/22,3,O,3,2.962,2.864,2.623,"yes, MAS",KR,,138,158,175,83.2,0.52,82.7,177,160,83,61.1,21.9
CHPU,2022-CHPU-BK-014,BK,5/25/22,3,T,4,3.056,3.056,2.887,"yes, MAS altered",KR,,161,178,202,125,0.16,124.8,191,179,103.8,85.3,18.5
CHPU,2022-CHPU-BK-015,BK,5/25/22,2,T,3,2.988,2.988,2.854,"yes, MAS altered",KR,,147,168,188,95.2,0.08,95.1,186,177,96,82,14.1
CHPU,2022-CHPU-BK-016,BK,5/25/22,3,T,4,3.271,3.271,3.215,"yes, MAS altered",KR,,152,171,194,116.6,3.24,113.4,206,202,130.9,123.5,7.5
CHPU,2022-CHPU-BK-017,BK,5/25/22,,,,,,,"don't use, no otolith",KR,,118,137,155,57.8,0.08,57.7,,0,,,
CHPU,2022-CHPU-BK-018,BK,5/25/22,2,T,3,3.193,3.193,3.034,"yes, MAS",KR,,167,190,213,164,5.33,158.7,201,189,120.6,101.2,19.4
CHPU,2022-CHPU-BK-019,BK,6/8/22,2,T,3,2.998,2.998,2.844,"yes, MAS altered",KR,,148,170,192,100.1,0.05,100.1,187,176,97.2,81,16.2
CHPU,2022-CHPU-BK-020,BK,6/8/22,3,T,4,3.125,3.125,2.945,"yes, MAS altered",KR,,157,179,203,137.7,4.42,133.3,196,183,112,91.4,20.7
CHPU,2022-CHPU-BK-021,BK,6/8/22,3,T,4,3.313,3.313,3.187,"yes, MAS altered",KR,,159,181,203,131.3,0.72,130.6,209,200,136.8,119.8,16.9
CHPU,2022-CHPU-BK-022,BK,6/8/22,4,T,5,3.084,3.084,2.933,"yes, MAS altered",KR,,152,170,199,123.9,2.65,121.3,193,182,107.1,90.1,17
CHPU,2022-CHPU-BK-023,BK,6/8/22,1,T,2,2.606,2.606,2.383,"yes, MAS altered",KR,,119,136,156,56.5,0.8,55.7,159,143,59.7,43.5,16.2
CHPU,2022-CHPU-BK-024,BK,6/8/22,2,O,2,2.923,2.805,2.382,"yes, MAS",KR,,138,158,180,88.8,0.06,88.7,173,143,77.2,43.4,33.8
CHPU,2022-CHPU-BK-025,BK,6/8/22,1,T,2,2.663,2.663,2.512,"yes, MAS altered",KR,,116,135,155,51.6,0.01,51.6,163,152,64.4,52.5,11.9
CHPU,2022-CHPU-BK-026,BK,6/8/22,2,T,3,3.255,3.255,2.996,"yes, MAS",KR,,156,179,203,132.1,0.03,132.1,205,187,128.8,96.9,31.8
CHPU,2022-CHPU-BK-027,BK,6/8/22,2,T,3,3.137,3.137,2.901,"yes, MAS altered",KR,,150,172,194,106,0.54,105.5,197,180,113.5,86.7,26.8
CHPU,2022-CHPU-BK-028,BK,6/8/22,3,T,4,3.312,3.312,3.117,"yes, MAS",KR,,171,195,220,167,2.32,164.7,209,195,136.6,111.1,25.6
CHPU,2022-CHPU-BK-029,BK,6/8/22,1,T,2,2.561,2.561,2.431,"yes, MAS",MS,,114,131,151,53.8,0.54,53.3,156,147,56.1,46.7,9.5
CHPU,2022-CHPU-BK-030,BK,6/8/22,3,T,4,3.2,3.2,2.938,"yes, MAS",KR,,158,182,205,129.7,0.08,129.6,201,183,121.5,90.6,30.9
CHPU,2022-CHPU-BK-031,BK,6/8/22,2,T,3,2.842,2.842,2.707,"yes, MAS",KR,,142,163,184,88.2,0.04,88.2,176,166,80.8,68.2,12.6
CHPU,2022-CHPU-BK-032,BK,6/8/22,1,T,2,2.686,2.686,2.462,"yes, MAS",KR,,127,147,167,62.4,0.04,62.4,165,149,66.4,48.8,17.5
CHPU,2022-CHPU-BK-033,BK,6/8/22,2,T,3,3.177,3.177,2.989,"yes, MAS",KR,,148,171,192,104.3,0.03,104.3,199,186,118.5,96.2,22.4
CHPU,2022-CHPU-BK-034,BK,6/8/22,,,,,,,"don't use, no otolith",KR,,133,154,175,68.6,0.04,68.6,,0,,,
CHPU,2022-CHPU-BK-035,BK,6/8/22,4,T,5,3.082,3.082,2.903,"yes, MAS altered",KR,,145,165,189,97.8,0.47,97.3,193,180,106.8,86.9,19.9
CHPU,2022-CHPU-BK-036,BK,6/8/22,2,T,3,3.162,3.162,2.97,"yes, MAS",KR,,150,166,193,124.5,4.53,120,198,185,116.6,94.1,22.6
CHPU,2022-CHPU-BK-037,BK,6/8/22,4,T,5,2.779,2.779,2.676,"yes, MAS altered",KR,,137,155,177,72.9,0.04,72.9,171,164,74.7,65.5,9.2
CHPU,2022-CHPU-BK-038,BK,6/8/22,3,T,4,2.943,2.943,2.827,"yes, MAS altered",KR,,143,163,184,85.4,0.05,85.4,183,175,91.1,79.3,11.8
CHPU,2022-CHPU-BK-039,BK,6/8/22,3,T,4,3.024,3.024,2.931,"yes, MAS altered",KR,,145,166,187,101.6,0.05,101.6,189,182,100.1,89.9,10.2
CHPU,2022-CHPU-BK-040,BK,7/7/22,3,T,4,2.805,2.805,2.547,"yes, MAS altered",KR,,127,143,164,63.4,0.73,62.7,173,155,77.2,55.1,22.1
CHPU,2022-CHPU-BK-041,BK,7/7/22,2,T,3,3.02,3.02,2.755,"yes, MAS altered",KR,,150,172,193,100.7,0.91,99.8,188,170,99.6,72.5,27.1
CHPU,2022-CHPU-BK-042,BK,7/7/22,1,T,2,2.726,2.726,2.533,"yes, MAS",KR,,124,142,162,56.9,0.31,56.6,168,154,69.9,54,15.9
CHPU,2022-CHPU-BK-043,BK,7/7/22,2,T,3,2.871,2.719,2.457,"yes, MAS",KR,,163,183,210,145.4,0.54,144.9,167,149,69.2,48.5,20.8
CHPU,2022-CHPU-BK-044,BK,7/7/22,,,,,,,"don't use, no otolith",KR,,138,159,179,83.5,1.04,82.5,,0,,,
CHPU,2022-CHPU-BK-045,BK,7/7/22,3,T,4,2.932,2.932,2.774,"yes, MAS",KR,,145,165,188,94.6,0.65,94,182,171,90,74.3,15.7
CHPU,2022-CHPU-BK-046,BK,7/7/22,0,O,1,2.232,2.232,0,"yes, MAS altered",MS,,96,112,126,29.3,0.06,29.2,133,0,34.4,0,34.4
CHPU,2022-CHPU-BK-047,BK,7/7/22,1,T,2,2.668,2.668,2.461,"yes, MAS altered",KR,,120,138,155,52.9,0.46,52.4,163,149,64.8,48.8,16.1
CHPU,2022-CHPU-BK-048,BK,7/7/22,1,T,2,2.493,2.493,2.358,"yes, MAS altered",KR,,116,132,151,50.7,1.34,49.4,151,142,51,41.9,9.2
CHPU,2022-CHPU-BK-049,BK,7/7/22,2,T,3,2.697,2.697,2.589,"yes, MAS altered",KR,,129,147,166,66.2,0.01,66.2,165,158,67.3,58.3,9
CHPU,2022-CHPU-BK-050,BK,7/7/22,1,T,2,2.568,2.568,2.403,"yes, MAS",KR,,125,144,165,66.6,0.05,66.6,156,145,56.7,44.8,11.9
CHPU,2022-CHPU-BK-051,BK,7/7/22,1,T,2,2.709,2.709,2.539,"yes, MAS altered",KR,,140,159,179,76.6,0.04,76.6,166,154,68.4,54.4,13.9
CHPU,2022-CHPU-BK-052,BK,7/7/22,0,T,1,2.215,2.215,0,"yes, MAS altered",MS,,98,112,128,27.2,0.02,27.2,131,0,33.4,0,33.4
CHPU,2022-CHPU-BK-053,BK,7/7/22,0,O,1,2.031,2.031,0,"yes, MAS",MS,,84,96,110,18.8,0.04,18.8,118,0,24.4,0,24.4
CHPU,2022-CHPU-BK-054,BK,8/10/22,2,T,3,2.701,2.701,2.476,"yes, MAS altered",KR,,131,150,171,71.8,0.02,71.8,166,150,67.7,49.8,17.8
CHPU,2022-CHPU-BK-055,BK,8/10/22,1,T,2,2.683,2.683,2.35,"yes, MAS altered",KR,,130,151,170,72,0.02,72,164,141,66.1,41.4,24.7
CHPU,2022-CHPU-BK-056,BK,8/10/22,3,T,4,3.2,3.2,3.032,"yes, MAS altered",KR,,162,185,208,138.7,0.62,138.1,201,189,121.5,101,20.5
CHPU,2022-CHPU-BK-057,BK,8/10/22,1,T,2,2.564,2.564,2.304,"yes, MAS altered",MS,,118,136,153,49.1,0.11,49,156,138,56.4,38.5,17.8
CHPU,2022-CHPU-BK-058,BK,8/10/22,1,T,2,2.499,2.499,2.268,"yes, MAS",KR,,117,135,154,53.9,0.01,53.9,152,135,51.5,36.4,15
CHPU,2022-CHPU-BK-059,BK,8/10/22,2,T,3,2.923,2.923,2.607,"yes, MAS altered",KR,,139,160,181,83.5,0.08,83.4,181,159,89,59.8,29.3
CHPU,2022-CHPU-BK-060,BK,8/10/22,1,T,2,2.727,2.727,2.42,"yes, MAS",MS,,131,151,171,70.1,0.05,70.1,168,146,70,45.9,24
CHPU,2022-CHPU-BK-061,BK,8/10/22,2,O,2,2.544,2.433,2.209,"yes, MAS",MS,,113,130,147,48.7,2.04,46.7,147,131,46.8,33.1,13.7
CHPU,2022-CHPU-BK-062,BK,8/10/22,1,T,2,2.647,2.647,2.417,"yes, MAS",MS,,124,139,163,66.9,0.05,66.9,162,146,63,45.7,17.3
CHPU,2022-CHPU-BK-063,BK,8/10/22,1,T,2,2.631,2.631,2.167,"yes, MAS",MS,,130,146,167,68,0.17,67.8,161,128,61.7,30.9,30.8
CHPU,2022-CHPU-BK-064,BK,8/10/22,2,O,2,2.765,2.638,2.468,"yes, MAS",MS,,115,132,151,53.4,0.05,53.4,161,149,62.3,49.2,13
CHPU,2022-CHPU-BK-065,BK,8/10/22,2,T,3,3.016,3.016,2.744,"yes, MAS",MS,,150,171,194,95.9,0.04,95.9,188,169,99.2,71.5,27.7
CHPU,2022-CHPU-BK-066,BK,8/17/22,1,T,2,2.641,2.641,2.416,"yes, MAS",KR,,122,142,158,57.8,0.03,57.8,162,146,62.5,45.7,16.9
CHPU,2022-CHPU-BK-067,BK,8/17/22,2,O,2,2.834,2.816,2.603,"yes, MAS",KR,,129,151,177,71.3,0.06,71.2,174,159,78.2,59.4,18.8
CHPU,2022-CHPU-BK-068,BK,8/17/22,1,T,2,2.759,2.759,2.53,"yes, MAS",KR,,124,144,161,66.5,0.03,66.5,170,154,72.9,53.8,19.1
CHPU,2022-CHPU-BK-069,BK,8/17/22,3,T,4,2.861,2.861,2.667,"yes, MAS altered",KR,,141,160,180,94.2,0.08,94.1,177,163,82.7,64.7,17.9
CHPU,2022-CHPU-BK-070,BK,8/17/22,2,O,2,2.574,2.53,2.279,"yes, MAS altered",KR,,125,145,163,67,0.44,66.6,154,136,53.8,37.1,16.7
CHPU,2022-CHPU-BK-071,BK,8/17/22,1,T,2,2.606,2.606,2.351,"yes, MAS",KR,,117,136,151,56.7,0.36,56.3,159,141,59.7,41.4,18.2
CHPU,2022-CHPU-BK-072,BK,8/17/22,2,T,3,2.804,2.804,2.433,"yes, MAS altered",KR,,129,150,167,70.9,0.08,70.8,173,147,77.1,46.8,30.3
CHPU,2022-CHPU-BK-073,BK,8/17/22,1,T,2,2.76,2.76,2.437,"yes, MAS altered",KR,,134,155,174,79.7,0.07,79.6,170,147,73,47.1,25.9
CHPU,2022-CHPU-BK-074,BK,8/17/22,1,T,2,2.656,2.656,2.43,"yes, MAS",KR,,122,143,158,64.6,1.74,62.9,163,147,63.8,46.6,17.2
CHPU,2022-CHPU-BK-075,BK,8/17/22,2,T,3,2.623,2.623,2.404,"yes, MAS",KR,,129,149,167,73,0.35,72.7,160,145,61.1,44.9,16.2
CHPU,2022-CHPU-BK-076,BK,8/17/22,3,T,4,2.959,2.959,2.818,"yes, MAS",KR,,139,160,177,82.1,0.44,81.7,184,174,92.9,78.4,14.4
CHPU,2022-CHPU-BK-077,BK,8/17/22,2,T,3,3.475,3.475,3.19,"yes, MAS",KR,,158,180,203,131.4,0.51,130.9,220,200,160.8,120.2,40.6
CHPU,2022-CHPU-BK-078,BK,8/17/22,1,T,2,2.647,2.647,2.411,"yes, MAS",KR,,125,146,165,69.7,0.04,69.7,162,145,63,45.3,17.7
CHPU,2022-CHPU-BK-079,BK,8/30/22,2,T,3,2.942,2.942,2.807,"yes, MAS altered",KR,,135,154,176,76.5,0.29,76.2,183,173,91,77.4,13.7
CHPU,2022-CHPU-BK-080,BK,8/30/22,,,,,,,"don't use, no otolith",KR,,132,151,171,70.4,0.05,70.4,,0,,,
CHPU,2022-CHPU-BK-081,BK,8/30/22,1,T,2,2.592,2.445,2.163,"yes, MAS",MS,,112,130,148,49.3,0.02,49.3,148,128,47.6,30.7,16.9
CHPU,2022-CHPU-BK-082,BK,8/30/22,0,T,1,2.143,2.143,0,"yes, MAS altered",MS,,94,110,123,26.6,0.07,26.5,126,0,29.7,0,29.7
CHPU,2022-CHPU-BK-083,BK,8/30/22,1,T,2,2.676,2.676,2.404,"yes, MAS altered",KR,,126,145,164,63,0.03,63,164,145,65.5,44.9,20.6
CHPU,2022-CHPU-BK-084,BK,8/30/22,0,T,1,2.188,2.188,0,"yes, MAS altered",KR,,107,124,140,39.4,0.01,39.4,130,0,32,0,32
CHPU,2022-CHPU-BK-085,BK,8/30/22,1,T,2,2.666,2.666,2.436,"yes, MAS",KR,,126,147,165,67.9,0.01,67.9,163,147,64.6,47,17.6
CHPU,2022-CHPU-BK-086,BK,8/30/22,0,T,1,2.215,2.215,0,"yes, MAS altered",KR,,100,117,132,33.3,0.01,33.3,131,0,33.4,0,33.4
CHPU,2022-CHPU-BK-087,BK,8/30/22,3,T,4,3.469,3.469,3.244,"yes, MAS altered",KR,,157,180,204,141.9,0.26,141.6,220,204,159.9,127.3,32.6
CHPU,2022-CHPU-BK-088,BK,8/30/22,1,T,2,2.84,2.84,2.473,"yes, MAS altered",KR,,133,154,175,71.6,0.06,71.5,176,150,80.6,49.6,31
CHPU,2022-CHPU-BK-089,BK,8/30/22,,,,,,,"don't use, no otolith",KR,,147,170,191,94.5,0.01,94.5,,0,,,
CHPU,2022-CHPU-BK-090,BK,8/30/22,2,T,3,2.951,2.951,2.697,"yes, MAS",KR,,136,157,178,93.8,0.04,93.8,183,165,92,67.3,24.7
CHPU,2022-CHPU-BK-091,BK,8/30/22,3,T,4,2.908,2.908,2.709,"yes, MAS altered",KR,,132,152,174,78.2,0.21,78,180,166,87.5,68.4,19.1
CHPU,2022-CHPU-BK-092,BK,8/30/22,2,T,3,2.812,2.812,2.602,"yes, MAS altered",KR,,137,159,178,91.5,0.48,91,174,159,77.9,59.4,18.5
CHPU,2022-CHPU-BK-093,BK,8/30/22,2,T,3,2.927,2.927,2.647,"yes, MAS",KR,,140,161,181,88.3,0.04,88.3,182,162,89.4,63,26.4
CHPU,2022-CHPU-BK-094,BK,9/13/22,2,O,2,2.64,2.518,2.295,"yes, MAS altered",KR,,126,142,168,61.2,0.03,61.2,153,137,52.9,38,14.9
CHPU,2022-CHPU-BK-095,BK,9/13/22,0,T,1,2.236,2.236,0,"yes, MAS altered",KR,,106,125,142,39.4,0.03,39.4,133,0,34.6,0,34.6
CHPU,2022-CHPU-BK-096,BK,9/13/22,1,T,2,2.742,2.742,2.457,"yes, MAS",KR,,124,144,164,66.6,0.04,66.6,169,149,71.3,48.5,22.8
CHPU,2022-CHPU-BK-097,BK,9/13/22,,,,,,,"don't use, no otolith",KR,,136,157,177,78.3,0.05,78.3,,0,,,
CHPU,2022-CHPU-BK-098,BK,9/13/22,1,T,2,2.764,2.764,2.438,"yes, MAS altered",KR,,121,143,160,62.3,0.01,62.3,170,147,73.3,47.2,26.2
CHPU,2022-CHPU-BK-099,BK,9/13/22,1,T,2,2.603,2.603,2.301,"yes, MAS",KR,,129,150,169,68.8,0.08,68.7,159,138,59.4,38.4,21.1
CHPU,2022-CHPU-BK-100,BK,9/13/22,1,T,2,2.662,2.662,2.399,"yes, MAS",MS,,120,139,157,55.4,0.04,55.4,163,144,64.3,44.5,19.8
CHPU,2022-CHPU-BK-101,BK,9/27/22,0,T,1,2.284,2.284,0,"yes, MAS altered",KR,,109,124,138,37.8,0.01,37.8,136,0,37.3,0,37.3
CHPU,2022-CHPU-BK-102,BK,9/27/22,0,T,1,2.486,2.486,0,"yes, MAS altered",KR,,111,121,142,40.1,0.02,40.1,151,0,50.5,0,50.5
CHPU,2022-CHPU-BK-103,BK,9/27/22,1,T,2,2.446,2.446,2.162,"yes, MAS",KR,,127,145,164,59.4,0.05,59.4,148,128,47.7,30.6,17.1
CHPU,2022-CHPU-BK-104,BK,9/27/22,2,T,3,2.764,2.764,2.642,"yes, MAS altered",KR,,137,156,176,73.8,0.05,73.8,170,162,73.3,62.6,10.7
CHPU,2022-CHPU-BK-105,BK,9/27/22,3,T,4,2.985,2.985,2.834,"yes, MAS",KR,,150,171,191,100.6,0.09,100.5,186,175,95.7,80,15.7
CHPU,2022-CHPU-BK-106,BK,9/27/22,0,O,1,2.517,2.517,0,"yes, MAS",KR,,112,125,142,40.7,0.03,40.7,153,0,52.8,0,52.8
CHPU,2022-CHPU-BK-107,BK,9/27/22,1,T,2,2.595,2.595,2.288,"yes, MAS altered",KR,,127,144,160,54.9,0.29,54.6,158,137,58.8,37.6,21.2
CHPU,2022-CHPU-BK-108,BK,9/27/22,2,T,3,2.737,2.737,2.546,"yes, MAS",KR,,135,155,174,68.5,0.02,68.5,168,155,70.9,55,15.9
CHPU,2022-CHPU-BK-109,BK,9/27/22,0,T,1,2.172,2.172,0,"yes, MAS altered",MS,,103,118,131,32.4,0.1,32.3,128,0,31.1,0,31.1
CHPU,2022-CHPU-BK-110,BK,9/27/22,2,T,3,2.881,2.881,2.742,"yes, MAS",MS,,135,154,172,70,0.03,70,178,169,84.7,71.3,13.4
CHPU,2022-CHPU-BK-111,BK,9/27/22,1,T,2,2.575,2.575,2.182,"yes, MAS",KR,,125,142,161,58.4,0.07,58.3,157,129,57.2,31.7,25.5
CHPU,2022-CHPU-SMK-001,SMK,5/26/22,4,T,5,3.19,3.19,3.046,"yes, MAS altered",KR,,160,180,205,130.7,2.77,127.9,200,190,120.2,102.6,17.6
CHPU,2022-CHPU-SMK-002,SMK,5/26/22,2,O,2,2.618,2.529,2.303,"yes, MAS altered",KR,,121,140,160,57.5,0.19,57.3,154,138,53.7,38.5,15.2
CHPU,2022-CHPU-SMK-003,SMK,5/26/22,4,T,5,3.481,3.481,3.382,"yes, MAS altered",KR,,182,204,220,147.1,6.7,140.4,221,214,161.7,146.7,15.1
CHPU,2022-CHPU-SMK-004,SMK,5/26/22,1,O,1,2.275,2.283,0,"yes, MAS",KR,,110,125,134,33.5,0.23,33.3,136,0,37.3,0,37.3
CHPU,2022-CHPU-SMK-005,SMK,5/26/22,2,T,3,2.989,2.989,2.701,"yes, MAS",KR,,136,156,176,85.3,0.03,85.3,186,166,96.2,67.7,28.5
CHPU,2022-CHPU-SMK-006,SMK,5/26/22,2,O,2,2.935,2.87,2.506,"yes, MAS",KR,,125,143,163,58.9,0.02,58.9,178,152,83.6,52,31.6
CHPU,2022-CHPU-SMK-007,SMK,5/26/22,1,T,2,2.328,2.328,2.176,"yes, MAS altered",KR,,102,116,135,34.3,0.01,34.3,139,129,40,31.4,8.6
CHPU,2022-CHPU-SMK-008,SMK,5/26/22,4,T,5,3.191,3.191,2.935,"yes, MAS altered",KR,,166,190,213,147.3,3.06,144.2,200,182,120.3,90.3,30
CHPU,2022-CHPU-SMK-009,SMK,5/26/22,1,O,1,2.424,2.34,0,"yes, MAS",KR,,110,128,142,38.4,0.01,38.4,140,0,40.7,0,40.7
CHPU,2022-CHPU-SMK-010,SMK,5/26/22,1,T,2,2.483,2.483,2.08,"yes, MAS",KR,,110,130,146,47.3,0.74,46.6,150,122,50.3,26.6,23.7
CHPU,2022-CHPU-SMK-011,SMK,5/26/22,1,O,1,2.302,2.302,0,"yes, MAS",KR,,105,121,137,35.9,0.34,35.6,138,0,38.4,0,38.4
CHPU,2022-CHPU-SMK-012,SMK,5/26/22,1,O,1,2.257,2.151,0,"yes, MAS",KR,,112,129,147,45.7,0.01,45.7,127,0,30.1,0,30.1
CHPU,2022-CHPU-SMK-013,SMK,5/26/22,1,T,2,2.338,2.338,2.185,"yes, MAS altered",KR,,105,120,136,34.4,0.22,34.2,140,129,40.6,31.8,8.8
CHPU,2022-CHPU-SMK-014,SMK,5/26/22,1,T,2,2.384,2.384,2.262,"yes, MAS altered",KR,,105,121,138,33.9,0.01,33.9,143,135,43.5,36.1,7.5
CHPU,2022-CHPU-SMK-015,SMK,5/26/22,1,T,2,2.461,2.461,2.332,"yes, MAS altered",KR,,106,120,137,34,0.17,33.8,149,140,48.8,40.2,8.5
CHPU,2022-CHPU-SMK-016,SMK,5/26/22,1,T,2,2.459,2.459,2.294,"yes, MAS altered",KR,,106,122,139,35.3,,35.3,149,137,48.6,37.9,10.7
CHPU,2022-CHPU-SMK-017,SMK,5/26/22,2,O,2,2.687,2.62,2.386,"yes, MAS",KR,,124,140,160,56.3,0.18,56.1,160,144,60.8,43.7,17.1
CHPU,2022-CHPU-SMK-018,SMK,6/9/22,2,O,2,2.79,2.676,2.236,"yes, MAS altered",KR,,129,151,171,81.2,3.16,78,164,133,65.5,34.6,30.9
CHPU,2022-CHPU-SMK-019,SMK,8/11/22,0,T,1,1.853,1.853,0,"yes, MAS altered",KR,,68,81,90,11.1,0.04,11.1,106,0,17.3,0,17.3
CHPU,2022-CHPU-SMK-020,SMK,8/11/22,0,T,1,1.979,1.979,0,"yes, MAS altered",KR,,80,95,104,16.6,0.02,16.6,115,0,22.2,0,22.2
CHPU,2022-CHPU-SMK-021,SMK,8/11/22,1,T,2,2.369,2.174,0,"yes, MAS altered",KR,,111,135,146,46.1,,46.1,129,0,31.3,0,31.3
CHPU,2022-CHPU-SMK-022,SMK,8/11/22,1,T,2,2.553,2.553,2.273,"yes, MAS altered",KR,,115,130,147,50.1,0.27,49.8,155,136,55.5,36.7,18.8
CHPU,2022-CHPU-SMK-023,SMK,8/11/22,1,T,2,2.64,2.503,0,"yes, MAS altered",KR,,115,135,151,54,0.31,53.7,152,0,51.8,0,51.8
CHPU,2022-CHPU-SMK-024,SMK,8/11/22,1,T,2,2.52,2.52,2.275,"yes, MAS altered",KR,,115,139,150,52.5,0.02,52.5,153,136,53,36.8,16.2
CHPU,2022-CHPU-SMK-025,SMK,8/11/22,1,T,2,2.464,2.464,2.216,"yes, MAS altered",KR,,110,126,141,43.3,0.28,43,149,132,49,33.5,15.5
CHPU,2022-CHPU-SMK-026,SMK,8/11/22,1,T,2,2.512,2.512,2.261,"yes, MAS",KR,,110,130,145,45.1,0.01,45.1,152,135,52.4,36,16.4
CHPU,2022-CHPU-SMK-027,SMK,8/11/22,1,T,2,2.75,2.75,2.25,"yes, MAS altered",KR,,122,144,159,60.6,0.05,60.6,169,134,72,35.4,36.7
CHPU,2022-CHPU-SMK-028,SMK,8/11/22,1,T,2,2.386,2.386,2.183,"yes, MAS altered",KR,,115,135,150,48.8,0.01,48.8,144,129,43.7,31.7,11.9
CHPU,2022-CHPU-SMK-029,SMK,8/11/22,1,T,2,2.557,2.557,2.31,"yes, MAS altered",KR,,114,132,148,53.5,0.04,53.5,156,138,55.8,38.9,16.9
CHPU,2022-CHPU-SMK-030,SMK,8/11/22,1,T,2,2.597,2.597,2.32,"yes, MAS altered",KR,,114,132,147,51.9,0.01,51.9,158,139,59,39.5,19.5
CHPU,2022-CHPU-SMK-031,SMK,8/11/22,1,T,2,2.587,2.587,2.28,"yes, MAS altered",,,110,125,142,41.9,0.26,41.6,158,136,58.2,37.1,21
CHPU,2022-CHPU-SMK-032,SMK,8/11/22,,,,,,,"don't use, no otolith",KR,,92,105,117,24.2,0.05,24.2,,0,,,
CHPU,2022-CHPU-SMK-033,SMK,8/11/22,1,T,2,2.429,2.429,2.171,"yes, MAS altered",KR,,115,133,147,48.2,0.01,48.2,147,128,46.5,31.1,15.4
CHPU,2022-CHPU-SMK-034,SMK,8/11/22,1,T,2,2.296,2.296,2.063,"yes, MAS",KR,,120,139,155,52.4,0.01,52.4,137,121,38.1,25.8,12.3
CHPU,2022-CHPU-SMK-035,SMK,8/11/22,0,O,1,2.193,2.193,0,"yes, MAS",KR,,112,130,147,50.9,0.08,50.8,130,0,32.3,0,32.3
CHPU,2022-CHPU-SMK-036,SMK,8/11/22,1,T,2,2.453,2.453,2.182,"yes, MAS",KR,,113,131,147,47.9,0.01,47.9,148,129,48.2,31.7,16.5
CHPU,2022-CHPU-SMK-037,SMK,8/11/22,,,,,,,"don't use, no otolith",KR,,112,129,146,44.4,0.05,44.4,,0,,,
CHPU,2022-CHPU-SMK-038,SMK,8/11/22,1,T,2,2.777,2.777,2.566,"yes, MAS altered",KR,,131,152,170,74.6,0.01,74.6,171,156,74.5,56.5,18
CHPU,2022-CHPU-SMK-039,SMK,8/11/22,2,T,3,2.897,2.897,2.64,"yes, MAS altered",KR,,134,155,175,82.2,0.05,82.2,180,161,86.3,62.5,23.9
CHPU,2022-CHPU-SMK-040,SMK,8/11/22,1,O,1,2.499,2.499,2.397,"yes, MAS altered",KR,,127,149,169,71.7,1.45,70.3,152,144,51.5,44.4,7.1
CHPU,2022-CHPU-SMK-041,SMK,8/11/22,5,T,6,3.097,3.097,2.892,"yes, MAS altered",KR,,165,190,209,121.9,0.16,121.7,194,179,108.6,85.8,22.8
CHPU,2022-CHPU-SMK-042,SMK,8/11/22,2,O,2,2.723,2.594,2.174,"yes, MAS altered",KR,,131,155,170,71.7,0.03,71.7,158,129,58.7,31.3,27.5
CHPU,2022-CHPU-SMK-043,SMK,8/11/22,2,O,2,2.654,2.604,2.291,"yes, MAS",KR,,121,139,159,66.5,0.78,65.7,159,137,59.5,37.7,21.8
CHPU,2022-CHPU-SMK-044,SMK,8/18/22,1,T,2,2.699,2.699,2.441,"yes, MAS altered",KR,,122,141,160,61.4,0.05,61.4,166,147,67.5,47.4,20.1
CHPU,2022-CHPU-SMK-045,SMK,8/31/22,0,O,1,2.316,2.316,0,"yes, MAS",KR,,110,128,144,45.7,0.04,45.7,139,0,39.3,0,39.3
CHPU,2022-CHPU-SMK-046,SMK,9/1/22,0,O,1,2.375,2.375,0,"yes, MAS altered",KR,,101,116,132,36.4,0.06,36.3,143,0,43,0,43
CHPU,2022-CHPU-SMK-047,SMK,9/1/22,1,T,2,2.691,2.691,2.351,"yes, MAS altered",KR,,124,142,160,63.9,0.02,63.9,165,141,66.8,41.4,25.4
CHPU,2022-CHPU-SMK-048,SMK,9/1/22,1,T,2,2.597,2.597,2.291,"yes, MAS altered",KR,,139,160,179,100.8,0.04,100.8,158,137,59,37.8,21.2
CHPU,2022-CHPU-SMK-049,SMK,9/1/22,,,,,,,"don't use, poor structure",KR,,115,130,147,50.7,0.03,50.7,,0,,,
CHPU,2022-CHPU-SMK-050,SMK,9/1/22,2,O,2,2.508,2.427,2.166,"yes, MAS altered",KR,,113,130,149,55.1,0.04,55.1,146,128,46.4,30.8,15.6
CHPU,2022-CHPU-SMK-051,SMK,9/1/22,1,T,2,2.916,2.916,2.628,"yes, MAS",KR,,137,155,176,96.3,0.03,96.3,181,161,88.3,61.5,26.8
CHPU,2022-CHPU-SMK-052,SMK,9/1/22,1,T,2,2.487,2.487,2.15,"yes, MAS",KR,,109,124,142,44.6,0.2,44.4,151,127,50.6,30,20.6
CHPU,2022-CHPU-SMK-053,SMK,9/1/22,2,O,2,2.582,2.456,2.277,"yes, MAS altered",KR,,125,145,163,69.4,0.04,69.4,148,136,48.4,36.9,11.5
CHPU,2022-CHPU-SMK-054,SMK,9/1/22,0,T,1,2.176,2.176,0,"yes, MAS",KR,,89,103,114,25.5,0.07,25.4,129,0,31.4,0,31.4
CHPU,2022-CHPU-SMK-055,SMK,9/1/22,0,T,1,2.335,2.335,0,"yes, MAS altered",KR,,105,120,137,41.6,0.01,41.6,140,0,40.4,0,40.4
CHPU,2022-CHPU-SMK-056,SMK,9/1/22,1,T,2,2.638,2.638,2.356,"yes, MAS",KR,,123,142,162,66.8,0.01,66.8,161,141,62.3,41.7,20.5
CHPU,2022-CHPU-SMK-057,SMK,9/15/22,2,T,3,2.746,2.746,2.512,"yes, MAS",KR,,133,153,172,82.2,0.14,82.1,169,152,71.7,52.4,19.2
CHPU,2022-CHPU-SMK-058,SMK,9/15/22,2,O,2,2.514,2.429,2.16,"yes, MAS altered",KR,,123,143,159,55.8,0.01,55.8,147,128,46.5,30.5,16
CHPU,2022-CHPU-SMK-059,SMK,9/15/22,3,T,4,3.095,3.095,2.958,"yes, MAS",KR,,154,176,199,124.8,0.13,124.7,194,184,108.4,92.8,15.6
CHPU,2022-CHPU-SMK-060,SMK,9/15/22,0,T,1,2.324,2.324,0,"yes, MAS altered",KR,,95,109,123,28,0.03,28,139,0,39.8,0,39.8
CHPU,2022-CHPU-SMK-061,SMK,9/15/22,5,T,6,3.071,3.071,2.981,"yes, MAS altered",KR,,149,173,193,105,0.12,104.9,192,186,105.5,95.3,10.3
CHPU,2022-CHPU-SMK-062,SMK,9/15/22,2,T,3,2.727,2.727,2.41,"yes, MAS",KR,,124,145,163,66.4,0.03,66.4,168,145,70,45.3,24.7
CHPU,2022-CHPU-SMK-063,SMK,9/15/22,2,O,2,2.49,2.412,2.105,"yes, MAS altered",KR,,108,127,148,42.6,0.06,42.5,145,124,45.4,27.8,17.6
CHPU,2022-CHPU-SMK-064,SMK,9/15/22,5,T,6,3.268,3.268,3.138,"yes, MAS altered",KR,,158,183,204,126.4,0.16,126.2,206,197,130.5,113.6,16.9
CHPU,2022-CHPU-SMK-065,SMK,9/15/22,1,T,2,2.542,2.542,2.2,"yes, MAS altered",KR,,133,153,170,79.2,0.13,79.1,155,130,54.7,32.6,22
CHPU,2022-CHPU-SMK-066,SMK,9/15/22,0,T,1,2.208,2.208,0,"yes, MAS altered",KR,,102,119,131,36.3,0.04,36.3,131,0,33.1,0,33.1
CHPU,2022-CHPU-SMK-067,SMK,9/15/22,1,T,2,2.724,2.724,2.47,"yes, MAS",KR,,130,151,169,76.7,0.1,76.6,167,149,69.7,49.4,20.3
CHPU,2022-CHPU-SMK-068,SMK,9/15/22,1,T,2,2.672,2.672,2.365,"yes, MAS",KR,,127,146,163,66.4,0.07,66.3,164,142,65.1,42.3,22.8
CHPU,2022-CHPU-SMK-069,SMK,9/15/22,4,T,5,3.158,3.158,3.034,"yes, MAS altered",KR,,164,190,207,141.9,0.3,141.6,198,189,116.1,101.2,14.9
CHPU,2022-CHPU-SMK-070,SMK,9/15/22,,,,,,,"don't use, poor structure",KR,,131,150,166,75.2,0.12,75.1,,0,,,
CHPU,2022-CHPU-SMK-071,SMK,9/15/22,1,T,2,2.678,2.605,2.293,"yes, MAS altered",KR,,119,137,155,62.4,0.41,62,159,137,59.6,37.9,21.7
CHPU,2022-CHPU-SMK-072,SMK,9/15/22,1,T,2,2.561,2.561,2.284,"yes, MAS altered",KR,,125,145,164,66.8,0.04,66.8,156,136,56.1,37.3,18.8
CHPU,2022-CHPU-SMK-073,SMK,9/15/22,,,,,,,"don't use, poor structure",KR,,159,185,207,135.1,0.24,134.9,,0,,,
CHPU,2022-CHPU-SMK-074,SMK,9/15/22,0,T,1,2.151,2.151,0,"yes, MAS",KR,,93,107,119,29.5,0.06,29.4,127,0,30.1,0,30.1
CHPU,2022-CHPU-SMK-075,SMK,9/15/22,2,O,2,2.602,2.504,2.157,"yes, MAS",KR,,129,150,169,69.7,0.06,69.6,152,127,51.8,30.4,21.5
CHPU,2022-CHPU-SMK-076,SMK,9/15/22,2,O,2,2.471,2.321,2.109,"yes, MAS altered",KR,,112,130,147,49.2,0.09,49.1,139,124,39.6,28,11.6
CHPU,2022-CHPU-SMK-077,SMK,9/15/22,1,T,2,2.678,2.678,2.327,"yes, MAS altered",KR,,115,135,154,57,0.06,56.9,164,139,65.7,39.9,25.7
CHPU,2022-CHPU-SMK-078,SMK,9/15/22,3,T,4,3.052,3.052,2.924,"yes, MAS altered",KR,,144,168,188,108,0.03,108,191,182,103.3,89.1,14.2
CHPU,2022-CHPU-SMK-079,SMK,9/15/22,3,T,4,2.935,2.917,2.767,"yes, MAS altered",KR,,140,163,184,98.6,0.09,98.5,181,170,88.4,73.6,14.8
CHPU,2022-CHPU-SMK-080,SMK,9/15/22,3,T,4,2.829,2.829,2.694,"yes, MAS altered",KR,,132,156,177,82.4,0.17,82.2,175,165,79.5,67,12.5
CHPU,2022-CHPU-SMK-081,SMK,9/15/22,1,T,2,2.593,2.593,2.254,"yes, MAS altered",KR,,113,129,149,48.1,0.07,48,158,134,58.6,35.6,23
CHPU,2022-CHPU-SMK-082,SMK,9/15/22,2,T,3,2.742,2.742,2.376,"yes, MAS",KR,,125,145,164,67.1,0.05,67.1,169,143,71.3,43,28.3
CHPU,2022-CHPU-SMK-083,SMK,9/15/22,1,T,2,2.711,2.711,2.318,"yes, MAS",KR,,130,152,171,77.7,0.06,77.6,166,139,68.5,39.4,29.2
CHPU,2022-CHPU-SMK-084,SMK,9/15/22,1,T,2,2.675,2.675,2.322,"yes, MAS altered",KR,,119,136,154,58.8,0.04,58.8,164,139,65.4,39.6,25.8
CHPU,2022-CHPU-SMK-085,SMK,9/15/22,2,T,3,3.055,3.055,2.905,"yes, MAS",KR,,142,167,184,85.4,0.13,85.3,191,180,103.7,87.1,16.5
CHPU,2022-CHPU-SMK-086,SMK,9/15/22,,,,,,,"don't use, no otolith",KR,,90,97,113,23.4,0.01,23.4,,0,,,
CHPU,2022-CHPU-SMK-087,SMK,9/15/22,1,T,2,2.707,2.707,2.394,"yes, MAS",KR,,133,155,175,81,0.04,81,166,144,68.2,44.2,24
CHPU,2022-CHPU-SMK-088,SMK,9/15/22,1,T,2,2.758,2.758,2.461,"yes, MAS",KR,,135,155,176,84,0.08,83.9,170,149,72.8,48.8,24
CHPU,2022-CHPU-SMK-089,SMK,9/15/22,2,T,3,2.821,2.821,2.618,"yes, MAS",KR,,144,165,186,95.3,0.44,94.9,174,160,78.7,60.6,18.1
CHPU,2022-CHPU-SMK-090,SMK,9/15/22,0,T,1,2.125,2.125,0,"yes, MAS",KR,,91,105,120,25.4,0.02,25.4,125,0,28.8,0,28.8
CHPU,2022-CHPU-SMK-091,SMK,9/15/22,0,T,1,2.116,2.116,0,"yes, MAS altered",KR,,89,103,111,21.5,0.07,21.4,124,0,28.3,0,28.3
CHPU,2022-CHPU-SMK-092,SMK,9/15/22,0,T,1,2.278,2.278,0,"yes, MAS",KR,,97,111,126,29.6,0.08,29.5,136,0,37,0,37
CHPU,2022-CHPU-SMK-093,SMK,9/29/22,2,T,3,2.858,2.858,2.612,"yes, MAS altered",KR,,135,157,175,75.5,0.03,75.5,177,159,82.4,60.2,22.2
CHPU,2022-CHPU-SMK-094,SMK,9/29/22,1,T,2,2.605,2.605,2.24,"yes, MAS",KR,,125,145,165,65.3,0.06,65.2,159,133,59.6,34.8,24.8
CHPU,2022-CHPU-SMK-095,SMK,9/29/22,2,O,2,2.89,2.799,2.385,"yes, MAS altered",KR,,130,155,174,80.8,0.07,80.7,173,143,76.6,43.6,33
CHPU,2022-CHPU-SMK-096,SMK,9/29/22,1,T,2,2.584,2.584,2.238,"yes, MAS",KR,,120,141,159,59.5,0.07,59.4,158,133,57.9,34.7,23.2
CHPU,2022-CHPU-SMK-097,SMK,9/29/22,2,O,2,2.563,2.425,2.254,"yes, MAS altered",KR,,109,123,135,43.8,0.05,43.8,146,134,46.3,35.6,10.7
CHPU,2022-CHPU-SMK-098,SMK,9/29/22,1,O,1,2.255,2.255,0,"yes, MAS",KR,,104,120,134,35,0.03,35,134,0,35.7,0,35.7
CHPU,2022-CHPU-SMK-099,SMK,9/29/22,2,O,2,2.628,2.494,2.105,"yes, MAS altered",KR,,120,138,156,66.5,0.37,66.1,151,124,51.1,27.8,23.3
CHPU,2022-CHPU-SMK-100,SMK,9/29/22,1,O,1,2.297,2.193,0,"yes, MAS",KR,,105,125,139,38.7,0.02,38.7,130,0,32.2,0,32.2
CHPU,2022-CHPU-SMK-101,SMK,9/29/22,2,T,3,2.74,2.74,2.433,"yes, MAS",KR,,135,155,174,82.3,0.03,82.3,169,147,71.1,46.8,24.3
CHPU,2022-CHPU-SMK-102,SMK,9/29/22,2,O,2,2.576,2.399,1.99,"yes, MAS altered",KR,,120,145,159,57.6,0.04,57.6,144,116,44.5,22.6,21.9
CHPU,2022-CHPU-SMK-103,SMK,9/29/22,0,T,1,2.507,2.507,0,"yes, MAS",KR,,111,132,148,49.5,0.07,49.4,152,0,52.1,0,52.1
CHPU,2022-CHPU-SMK-104,SMK,9/29/22,2,O,2,2.511,2.467,2.233,"yes, MAS",KR,,116,138,154,59,0.1,58.9,149,133,49.2,34.4,14.7
CHPU,2022-CHPU-WNR-001,WNR,5/24/22,1,T,2,2.724,2.724,2.57,"yes, MAS",KR,,132,150,168,67.4,0.02,67.4,167,157,69.7,56.8,12.9
CHPU,2022-CHPU-WNR-002,WNR,5/24/22,1,T,2,2.397,2.397,2.283,"yes, MAS altered",KR,,113,128,146,48.6,0.08,48.5,144,136,44.4,37.3,7.1
CHPU,2022-CHPU-WNR-003,WNR,5/24/22,1,T,2,2.796,2.796,2.592,"yes, MAS",KR,,122,138,157,55.5,0.04,55.5,172,158,76.3,58.6,17.8
CHPU,2022-CHPU-WNR-004,WNR,5/24/22,2,T,3,2.861,2.861,2.669,"yes, MAS altered",KR,,138,156,175,74.1,0.32,73.8,177,164,82.7,64.9,17.8
CHPU,2022-CHPU-WNR-005,WNR,5/24/22,1,T,2,2.651,2.651,2.497,"yes, MAS",KR,,127,144,162,61.9,0.07,61.8,162,151,63.4,51.3,12
CHPU,2022-CHPU-WNR-006,WNR,5/24/22,2,O,2,2.497,2.39,2.074,"don't use, poor structure",KR,,114,131,150,44.9,0.02,44.9,,,,,
CHPU,2022-CHPU-WNR-007,WNR,5/24/22,2,T,3,2.722,2.722,2.628,"yes, MAS altered",KR,,132,150,167,71.1,0.01,71.1,167,161,69.5,61.5,8
CHPU,2022-CHPU-WNR-008,WNR,5/24/22,1,T,2,2.438,2.438,2.312,"yes, MAS altered",KR,,114,128,145,47.5,0.4,47.1,147,138,47.2,39,8.1
CHPU,2022-CHPU-WNR-009,WNR,6/9/22,1,O,1,2.401,2.344,0,"yes, MAS altered",KR,,107,124,141,41.2,0.03,41.2,141,0,41,0,41
CHPU,2022-CHPU-WNR-010,WNR,6/9/22,1,T,2,2.491,2.491,2.333,"yes, MAS altered",KR,,110,129,147,51.7,0.76,50.9,151,140,50.9,40.3,10.6
CHPU,2022-CHPU-WNR-011,WNR,6/9/22,1,T,2,2.693,2.693,2.252,"yes, MAS altered",KR,,119,136,154,59.9,0.99,58.9,165,134,67,35.5,31.5
CHPU,2022-CHPU-WNR-012,WNR,6/9/22,5,T,6,2.937,2.937,2.81,"yes, MAS altered",KR,,144,165,187,108.7,0.09,108.6,182,173,90.5,77.7,12.9
CHPU,2022-CHPU-WNR-013,WNR,6/9/22,0,O,1,1.824,1.824,0,"yes, MAS altered",KR,,88,104,118,25,0.02,25,104,0,16.3,0,16.3
CHPU,2022-CHPU-WNR-014,WNR,6/9/22,3,T,4,3.088,3.088,2.908,"yes, MAS",KR,,150,173,194,110.5,0.62,109.9,193,180,107.6,87.5,20.1
CHPU,2022-CHPU-WNR-015,WNR,6/9/22,3,T,4,3.065,3.065,2.904,"yes, MAS",KR,,135,156,176,84.9,0.06,84.8,191,180,104.8,87,17.8
CHPU,2022-CHPU-WNR-016,WNR,6/9/22,2,T,3,2.849,2.849,2.576,"yes, MAS altered",KR,,125,145,163,69.9,1.36,68.5,176,157,81.5,57.3,24.2
CHPU,2022-CHPU-WNR-017,WNR,6/9/22,3,T,4,2.966,2.966,2.821,"yes, MAS",KR,,135,157,178,91.6,0.07,91.5,184,174,93.6,78.7,14.9
CHPU,2022-CHPU-WNR-018,WNR,6/9/22,3,O,3,2.983,2.909,2.724,"yes, MAS altered",KR,,137,156,177,91.7,,91.7,180,167,87.6,69.7,17.9
CHPU,2022-CHPU-WNR-019,WNR,6/9/22,1,T,2,2.69,2.69,2.471,"yes, MAS altered",KR,,121,142,161,61,0.05,61,165,150,66.7,49.5,17.2
CHPU,2022-CHPU-WNR-020,WNR,6/9/22,2,T,3,3.071,3.071,2.899,"yes, MAS altered",KR,,138,159,180,89,0.34,88.7,192,180,105.5,86.5,19
CHPU,2022-CHPU-WNR-021,WNR,6/9/22,4,T,5,3.296,3.296,3.068,"yes, MAS altered",KR,,145,169,191,108.9,0.42,108.5,208,192,134.4,105.2,29.2
CHPU,2022-CHPU-WNR-022,WNR,6/9/22,1,T,2,2.755,2.755,2.414,"yes, MAS",KR,,131,152,172,77,2.53,74.5,170,145,72.5,45.5,27
CHPU,2022-CHPU-WNR-023,WNR,6/23/22,,,,,,,"don't use, no otolith",KR,,117,136,155,55.7,0.03,55.7,,0,,,
CHPU,2022-CHPU-WNR-024,WNR,6/23/22,3,O,3,3.195,3.129,2.897,"yes, MAS altered",KR,,147,169,191,100.6,0.69,99.9,196,180,112.5,86.3,26.2
CHPU,2022-CHPU-WNR-025,WNR,6/23/22,2,T,3,2.933,2.933,2.754,"yes, MAS altered",KR,,137,160,181,93.8,0.06,93.7,182,170,90.1,72.4,17.7
CHPU,2022-CHPU-WNR-026,WNR,6/23/22,5,O,5,3.052,3.003,2.896,"yes, MAS altered",KR,,157,181,205,123.6,0.52,123.1,187,180,97.7,86.2,11.5
CHPU,2022-CHPU-WNR-027,WNR,6/23/22,2,T,3,3.364,3.364,3.169,"yes, MAS altered",KR,,154,177,200,121.9,0.47,121.4,213,199,144,117.5,26.5
CHPU,2022-CHPU-WNR-028,WNR,6/23/22,3,O,3,2.875,2.759,2.588,"yes, MAS",KR,,137,160,181,83.9,0.11,83.8,170,158,72.9,58.2,14.6
CHPU,2022-CHPU-WNR-029,WNR,6/23/22,2,T,3,2.777,2.777,2.582,"yes, MAS",KR,,124,145,163,66.6,0.06,66.5,171,157,74.5,57.8,16.8
CHPU,2022-CHPU-WNR-030,WNR,6/23/22,1,T,2,3.044,3.044,2.489,"yes, MAS altered",KR,,141,163,185,99.8,0.17,99.6,190,151,102.4,50.7,51.6
CHPU,2022-CHPU-WNR-031,WNR,6/23/22,2,T,3,2.897,2.897,2.602,"yes, MAS altered",KR,,143,165,185,89.3,0.11,89.2,180,159,86.3,59.4,27
CHPU,2022-CHPU-WNR-032,WNR,6/23/22,2,O,2,2.629,2.581,2.361,"yes, MAS",KR,,128,147,168,67.2,0.02,67.2,157,142,57.7,42.1,15.6
CHPU,2022-CHPU-WNR-033,WNR,6/23/22,2,O,2,2.864,2.786,2.368,"yes, MAS altered",KR,,131,151,173,73.4,0.03,73.4,172,142,75.4,42.5,32.9
CHPU,2022-CHPU-WNR-034,WNR,6/23/22,4,T,5,3.242,3.242,3.124,"yes, MAS altered",KR,,165,190,211,152.2,0.48,151.7,204,196,127,111.9,15.1
CHPU,2022-CHPU-WNR-035,WNR,6/23/22,2,T,3,2.778,2.778,2.535,"yes, MAS altered",KR,,136,158,179,89,0.45,88.6,171,154,74.6,54.1,20.5
CHPU,2022-CHPU-WNR-036,WNR,6/23/22,2,O,2,2.788,2.727,2.433,"yes, MAS",KR,,126,143,162,62.3,1.4,60.9,168,147,70,46.8,23.1
CHPU,2022-CHPU-WNR-037,WNR,6/23/22,1,T,2,2.421,2.421,2.091,"yes, MAS altered",KR,,122,141,160,57.8,0.04,57.8,146,123,46,27.1,18.9
CHPU,2022-CHPU-WNR-038,WNR,6/23/22,1,T,2,2.796,2.796,2.203,"yes, MAS altered",KR,,121,143,162,67.1,0.07,67,172,131,76.3,32.8,43.5
CHPU,2022-CHPU-WNR-039,WNR,6/23/22,3,O,3,2.74,2.64,2.449,"yes, MAS altered",KR,,138,160,181,84.4,0.14,84.3,161,148,62.5,47.9,14.5
CHPU,2022-CHPU-WNR-040,WNR,7/6/22,4,T,5,3.341,3.341,3.086,"yes, MAS altered",KR,,167,190,214,159.3,,159.3,211,193,140.7,107.3,33.4
CHPU,2022-CHPU-WNR-041,WNR,7/6/22,3,T,4,2.973,2.973,2.823,"yes, MAS altered",KR,,140,160,181,88,1.66,86.3,185,174,94.4,78.9,15.5
CHPU,2022-CHPU-WNR-042,WNR,7/6/22,3,T,4,2.922,2.922,2.779,"yes, MAS altered",KR,,145,168,190,93,0.09,92.9,181,171,88.9,74.7,14.2
CHPU,2022-CHPU-WNR-043,WNR,7/6/22,3,T,4,2.93,2.93,2.762,"yes, MAS",KR,,139,158,179,84.8,0.06,84.7,182,170,89.8,73.1,16.6
CHPU,2022-CHPU-WNR-044,WNR,7/6/22,0,O,1,2.342,2.342,0,"yes, MAS",KR,,95,110,125,30.9,0.01,30.9,140,0,40.9,0,40.9
CHPU,2022-CHPU-WNR-045,WNR,7/6/22,3,T,4,2.788,2.788,2.669,"yes, MAS",KR,,139,158,177,87.1,0.26,86.8,172,164,75.6,64.9,10.7
CHPU,2022-CHPU-WNR-046,WNR,7/6/22,6,T,7,3.191,3.191,3.089,"yes, MAS altered",KR,,159,181,203,123.8,0.62,123.2,200,193,120.3,107.7,12.7
CHPU,2022-CHPU-WNR-047,WNR,7/6/22,4,T,5,3.025,3.025,2.812,"yes, MAS altered",KR,,154,178,200,116.4,1.08,115.3,189,174,100.2,77.9,22.4
CHPU,2022-CHPU-WNR-048,WNR,7/6/22,5,T,6,3.241,3.241,3.049,"yes, MAS altered",KR,,161,183,205,127.7,0.56,127.1,204,190,126.9,103,23.9
CHPU,2022-CHPU-WNR-049,WNR,8/9/22,,,,,,,"don't use, no otolith",KR,,118,137,156,56.1,0.03,56.1,,0,,,
CHPU,2022-CHPU-WNR-050,WNR,8/9/22,2,T,3,2.718,2.718,2.379,"yes, MAS",KR,,139,158,178,76.7,0.05,76.7,167,143,69.2,43.2,25.9
CHPU,2022-CHPU-WNR-051,WNR,8/9/22,2,T,3,2.651,2.651,2.455,"yes, MAS altered",KR,,135,149,174,64.2,0.05,64.2,162,148,63.4,48.3,15
CHPU,2022-CHPU-WNR-052,WNR,8/9/22,1,T,2,2.456,2.456,2.187,"yes, MAS altered",KR,,115,132,151,45.5,0.03,45.5,148,129,48.4,31.9,16.5
CHPU,2022-CHPU-WNR-053,WNR,8/9/22,4,O,4,3.12,3.12,2.91,"yes, MAS altered",KR,,149,167,188,108.7,0.36,108.3,195,181,111.4,87.7,23.8
CHPU,2022-CHPU-WNR-054,WNR,8/9/22,3,O,3,2.818,2.732,2.554,"yes, MAS altered",KR,,142,162,181,86,0.04,86,168,155,70.4,55.6,14.8
CHPU,2022-CHPU-WNR-055,WNR,8/9/22,2,O,2,2.809,2.693,2.484,"yes, MAS altered",KR,,131,151,171,69,0.01,69,165,150,67,50.4,16.6
CHPU,2022-CHPU-WNR-056,WNR,8/9/22,3,O,3,2.603,2.493,2.286,"yes, MAS altered",KR,,120,136,156,51.9,0.03,51.9,151,136,51,37.5,13.6
CHPU,2022-CHPU-WNR-057,WNR,8/9/22,3,T,4,3.106,3.106,2.91,"yes, MAS",KR,,155,177,200,131.4,0.46,130.9,194,181,109.7,87.7,22.1
CHPU,2022-CHPU-WNR-058,WNR,8/9/22,1,T,2,2.724,2.724,2.426,"yes, MAS",KR,,125,143,161,59.2,0.02,59.2,167,146,69.7,46.3,23.4
CHPU,2022-CHPU-WNR-059,WNR,8/9/22,2,T,3,2.831,2.831,2.632,"yes, MAS altered",KR,,139,160,179,87.8,0.04,87.8,175,161,79.7,61.8,17.9
CHPU,2022-CHPU-WNR-060,WNR,8/9/22,1,T,2,2.682,2.682,2.369,"yes, MAS altered",KR,,123,142,160,55.3,0.01,55.3,164,142,66,42.6,23.4
CHPU,2022-CHPU-WNR-061,WNR,8/9/22,1,T,2,2.761,2.761,2.51,"yes, MAS",KR,,130,149,169,67.9,0.03,67.9,170,152,73,52.3,20.8
CHPU,2022-CHPU-WNR-062,WNR,8/9/22,1,T,2,2.708,2.708,2.313,"yes, MAS",KR,,136,155,175,81.1,0.05,81.1,166,138,68.3,39.1,29.2
CHPU,2022-CHPU-WNR-063,WNR,8/16/22,5,O,5,3.333,3.278,3.157,"yes, MAS altered",KR,,172,195,218,153.5,0.95,152.6,207,198,131.9,116,15.9
CHPU,2022-CHPU-WNR-064,WNR,8/16/22,2,T,3,2.363,2.363,2.112,"yes, MAS",KR,,122,138,157,54.6,0.04,54.6,142,124,42.2,28.1,14.1
CHPU,2022-CHPU-WNR-065,WNR,8/16/22,,,,,,,"don't use, no otolith",KR,,113,127,146,40.4,0.17,40.2,,0,,,
CHPU,2022-CHPU-WNR-066,WNR,8/16/22,3,T,4,3.022,3.022,2.905,"yes, MAS altered",KR,,151,171,192,103.8,0.45,103.4,188,180,99.9,87.1,12.7
CHPU,2022-CHPU-WNR-067,WNR,8/16/22,2,T,3,2.434,2.434,2.185,"yes, MAS altered",KR,,119,134,152,51.9,0.04,51.9,147,129,46.9,31.8,15.1
CHPU,2022-CHPU-WNR-068,WNR,8/16/22,3,T,4,2.956,2.956,2.797,"yes, MAS",KR,,146,166,189,90.5,0.2,90.3,184,173,92.5,76.4,16.1
CHPU,2022-CHPU-WNR-069,WNR,8/16/22,1,T,2,2.627,2.627,2.313,"yes, MAS altered",KR,,120,135,152,47.1,0.35,46.8,161,138,61.4,39.1,22.3
CHPU,2022-CHPU-WNR-070,WNR,8/16/22,3,T,4,2.789,2.789,2.596,"yes, MAS",KR,,147,166,188,91.8,0.12,91.7,172,158,75.7,58.9,16.8
CHPU,2022-CHPU-WNR-071,WNR,8/16/22,2,O,2,2.489,2.427,2.174,"yes, MAS",KR,,115,131,149,47,0.45,46.6,146,129,46.4,31.2,15.1
CHPU,2022-CHPU-WNR-072,WNR,8/16/22,2,O,2,2.589,2.529,2.292,"yes, MAS",KR,,130,147,166,65.1,0.01,65.1,154,137,53.7,37.8,15.9
CHPU,2022-CHPU-WNR-073,WNR,8/16/22,1,T,2,2.277,2.277,2.071,"yes, MAS altered",KR,,113,127,145,44.3,0.31,44,136,121,36.9,26.2,10.8
CHPU,2022-CHPU-WNR-074,WNR,8/16/22,2,T,3,2.651,2.651,2.531,"yes, MAS altered",KR,,132,149,169,67.8,0.07,67.7,162,154,63.4,53.8,9.5
CHPU,2022-CHPU-WNR-075,WNR,8/16/22,1,T,2,2.769,2.769,2.496,"yes, MAS",KR,,132,151,170,73,0.08,72.9,171,151,73.8,51.3,22.5
CHPU,2022-CHPU-WNR-076,WNR,8/16/22,2,T,3,2.795,2.795,2.615,"yes, MAS altered",KR,,131,150,170,75.4,0.05,75.4,172,160,76.2,60.4,15.8
CHPU,2022-CHPU-WNR-077,WNR,8/16/22,1,T,2,2.434,2.434,2.234,"yes, MAS",KR,,129,145,165,61,0.05,61,147,133,46.9,34.5,12.4
CHPU,2022-CHPU-WNR-078,WNR,9/1/22,5,O,5,3.363,3.289,3.131,"yes, MAS altered",KR,,157,182,206,147.8,0.36,147.4,207,196,133.4,112.8,20.6
CHPU,2022-CHPU-WNR-079,WNR,9/1/22,2,O,2,2.524,2.453,2.24,"yes, MAS altered",KR,,121,141,161,71.4,0.06,71.3,148,133,48.2,34.8,13.4
CHPU,2022-CHPU-WNR-080,WNR,9/1/22,1,T,2,2.58,2.58,2.288,"yes, MAS",KR,,123,142,161,64.4,0.1,64.3,157,137,57.6,37.6,20
CHPU,2022-CHPU-WNR-081,WNR,9/1/22,,,,,,,"don't use, no otolith",KR,,98,113,129,33.3,0.04,33.3,,0,,,
CHPU,2022-CHPU-WNR-082,WNR,9/1/22,3,T,4,3.065,3.065,2.98,"yes, MAS",KR,,148,168,192,115.9,0.43,115.5,191,185,104.8,95.2,9.7
CHPU,2022-CHPU-WNR-083,WNR,9/1/22,0,T,1,2.307,2.307,0,"yes, MAS altered",KR,,100,119,135,35.5,0.01,35.5,138,0,38.7,0,38.7
CHPU,2022-CHPU-WNR-084,WNR,9/1/22,1,T,2,2.663,2.663,2.231,"yes, MAS",KR,,121,140,160,63.4,0.08,63.3,163,133,64.4,34.3,30.1
CHPU,2022-CHPU-WNR-085,WNR,9/1/22,3,T,4,3.007,3.007,2.874,"yes, MAS",KR,,159,183,206,135.6,0.37,135.2,187,178,98.2,84,14.2
CHPU,2022-CHPU-WNR-086,WNR,9/1/22,1,T,2,2.559,2.559,2.274,"yes, MAS",KR,,116,134,151,57,0.04,57,156,136,56,36.8,19.2
CHPU,2022-CHPU-WNR-087,WNR,9/1/22,2,T,3,2.872,2.872,2.606,"yes, MAS altered",KR,,132,153,172,82.3,0.06,82.2,178,159,83.8,59.7,24.1
CHPU,2022-CHPU-WNR-088,WNR,9/1/22,2,T,3,3.003,3.003,2.833,"yes, MAS altered",KR,,145,166,189,105.3,,105.3,187,175,97.7,79.9,17.8
CHPU,2022-CHPU-WNR-089,WNR,9/1/22,0,T,1,2.253,2.253,0,"yes, MAS altered",KR,,103,121,137,37.3,0.01,37.3,134,0,35.6,0,35.6
CHPU,2022-CHPU-WNR-090,WNR,9/1/22,4,T,5,3.052,3.052,2.855,"yes, MAS altered",KR,,150,174,195,128.2,0.55,127.7,191,177,103.3,82.1,21.2
CHPU,2022-CHPU-WNR-091,WNR,9/1/22,1,O,1,2.305,2.262,0,"yes, MAS altered",KR,,101,116,131,33.7,0.1,33.6,135,0,36.1,0,36.1
CHPU,2022-CHPU-WNR-092,WNR,9/1/22,2,T,3,2.771,2.771,2.589,"yes, MAS",KR,,135,155,176,87.5,0.05,87.5,171,158,74,58.3,15.7
CHPU,2022-CHPU-WNR-093,WNR,9/1/22,1,T,2,2.592,2.592,2.311,"yes, MAS altered",KR,,122,142,161,66.1,0.03,66.1,158,138,58.6,39,19.6
CHPU,2022-CHPU-WNR-094,WNR,9/1/22,3,T,4,3.025,3.025,2.884,"yes, MAS",KR,,141,166,187,118,0.1,117.9,189,179,100.2,85,15.2
CHPU,2022-CHPU-WNR-095,WNR,9/1/22,0,T,1,2.239,2.239,0,"yes, MAS altered",KR,,101,117,134,35.3,0.01,35.3,133,0,34.8,0,34.8
CHPU,2022-CHPU-WNR-096,WNR,9/1/22,,,,,,,"don't use, no otolith",KR,,130,151,171,82.5,0.1,82.4,,0,,,
CHPU,2022-CHPU-WNR-097,WNR,9/14/22,2,O,2,2.587,2.451,2.129,"yes, MAS altered",KR,,121,140,160,68.4,0.04,68.4,148,125,48.1,29,19.1
CHPU,2022-CHPU-WNR-098,WNR,9/14/22,2,O,2,2.574,2.465,2.088,"yes, MAS altered",KR,,116,136,155,54.4,0.31,54.1,149,122,49,27,22.1
CHPU,2022-CHPU-WNR-099,WNR,9/14/22,2,O,3,2.576,2.366,1.996,"yes, MAS altered",KR,,122,142,160,56,0.05,56,142,116,42.4,22.9,19.5
CHPU,2022-CHPU-WNR-100,WNR,9/14/22,1,T,2,2.554,2.554,2.087,"yes, MAS altered",KR,,115,134,151,53.3,0.27,53,155,122,55.6,26.9,28.7
CHPU,2022-CHPU-WNR-101,WNR,9/14/22,0,T,1,2.114,2.114,0,"yes, MAS altered",KR,,101,118,135,33,0.11,32.9,124,0,28.2,0,28.2
CHPU,2022-CHPU-WNR-102,WNR,9/14/22,2,O,2,2.322,2.237,1.839,"yes, MAS altered",KR,,115,134,151,46,0.04,46,133,105,34.7,16.8,17.8
CHPU,2022-CHPU-WNR-103,WNR,9/14/22,4,T,5,3.311,3.311,3.144,"yes, MAS altered",KR,,144,166,187,97.3,0.38,96.9,209,197,136.5,114.4,22.1
CHPU,2022-CHPU-WNR-104,WNR,9/14/22,1,T,2,2.632,2.632,2.342,"yes, MAS",KR,,116,137,155,51.5,0.05,51.5,161,140,61.8,40.8,20.9
CHPU,2022-CHPU-WNR-105,WNR,9/14/22,2,T,3,2.505,2.505,2.159,"yes, MAS altered",KR,,126,146,164,58.9,0.05,58.9,152,127,51.9,30.5,21.4
CHPU,2022-CHPU-WNR-106,WNR,9/14/22,0,T,1,2.191,2.191,0,"yes, MAS altered",KR,,109,125,142,35.6,0.05,35.6,130,0,32.1,0,32.1
CHPU,2022-CHPU-WNR-107,WNR,9/14/22,2,O,2,2.636,2.584,2.307,"yes, MAS altered",KR,,121,140,158,55,0.25,54.8,158,138,57.9,38.7,19.2
CHPU,2022-CHPU-WNR-108,WNR,9/14/22,8,T,9,3.497,3.497,3.383,"yes, MAS altered",KR,,180,206,234,172.4,0.17,172.2,222,214,164.3,146.8,17.4
CHPU,2022-CHPU-WNR-109,WNR,9/14/22,,,,,,,"don't use, no otolith",KR,,119,137,156,55.2,0.22,55,,0,,,
CHPU,2022-CHPU-WNR-110,WNR,9/14/22,3,T,4,2.885,2.885,2.701,"yes, MAS altered",KR,,144,166,186,89.6,0.05,89.6,179,166,85.1,67.7,17.4
CHPU,2022-CHPU-WNR-111,WNR,9/14/22,2,T,3,2.568,2.568,2.444,"yes, MAS altered",KR,,131,150,169,66.1,0.11,66,156,148,56.7,47.6,9.1
CHPU,2022-CHPU-WNR-112,WNR,9/14/22,5,T,6,2.968,2.968,2.808,"yes, MAS altered",KR,,158,183,208,133.3,0.53,132.8,185,173,93.8,77.5,16.4
CHPU,2022-CHPU-WNR-113,WNR,9/14/22,1,T,2,2.592,2.592,2.192,"yes, MAS altered",KR,,120,139,158,56.4,0.04,56.4,158,130,58.6,32.2,26.4
CHPU,2022-CHPU-WNR-114,WNR,9/14/22,1,O,1,2.251,2.204,0,"yes, MAS altered",KR,,96,112,128,28,0.01,28,131,0,32.8,0,32.8
CHPU,2022-CHPU-WNR-115,WNR,9/14/22,3,T,4,2.837,2.837,2.69,"yes, MAS altered",KR,,143,167,184,99.3,0.13,99.2,175,165,80.3,66.7,13.6