Species,Number,Site,date collected,complete increments,O/T,Age,D1 (mm) (to edge),D2 (mm),D3 (mm),otolith measurement check & comments,initial oto reader (initials),checker (initials),SL (mm),FL (mm),TL (mm),whole Body mass (g),gonad mass (g),somatic mass (g),Predicted TL 2022,Predicted TL 2021,Predicted Somatic Mass (g) 2022,Predicted Somatic Mass (g) 2021,Predicted growth 2021-2022 (g),,
EMJA,2022-EMJA-BK-001,BK,5/25/22,1,O,1,3.427,2.947,0.000,"yes, MAS",RJ/MAS,,152,178,194,144.8,6.03,138.77,156,0,73.6,0.0,73.6,,
EMJA,2022-EMJA-BK-002,BK,5/25/22,1,O,1,3.187,2.654,0.000,"yes, MAS",RJ/MAS,,135,155,172,94.3,0.05,94.25,138,0,50.6,0.0,50.6,,
EMJA,2022-EMJA-BK-003,BK,5/25/22,1,O,1,3.525,3.006,0.000,"yes, MAS",RJ/MAS,,153,177,193,141.0,0.05,140.95,160,0,79.0,0.0,79.0,,
EMJA,2022-EMJA-BK-004,BK,5/25/22,1,O,1,3.265,2.966,0.000,"yes, MAS",RJ/MAS,,146,164,181,112.3,0.07,112.23,158,0,75.3,0.0,75.3,,
EMJA,2022-EMJA-BK-005,BK,5/25/22,1,O,1,3.689,3.110,0.000,"yes, MAS",RJ/MAS,,161,187,205,175.4,0.05,175.35,166,0,89.0,0.0,89.0,,
EMJA,2022-EMJA-BK-006,BK,5/25/22,1,O,1,3.328,3.094,0.000,"yes, MAS",RJ/MAS,,146,167,183,114.2,0.07,114.13,165,0,87.4,0.0,87.4,,
EMJA,2022-EMJA-BK-007,BK,5/25/22,1,O,1,3.339,3.077,0.000,"yes, MAS",RJ/MAS,,144,165,182,120.5,0.16,120.34,164,0,85.7,0.0,85.7,,
EMJA,2022-EMJA-BK-008,BK,5/25/22,1,O,1,3.380,2.908,0.000,"yes, MAS",RJ/MAS,,142,162,176,107.4,0.04,107.36,154,0,70.2,0.0,70.2,,
EMJA,2022-EMJA-BK-009,BK,5/25/22,1,O,1,3.478,3.050,0.000,"yes, MAS",RJ/MAS,,163,185,204,191.3,24.17,167.13,163,0,83.1,0.0,83.1,,
EMJA,2022-EMJA-BK-010,BK,5/25/22,1,O,1,3.290,2.630,0.000,"yes, MAS",RJ/MAS,,139,160,176,106.4,0.59,105.81,137,0,49.0,0.0,49.0,,
EMJA,2022-EMJA-BK-011,BK,5/25/22,1,O,1,3.412,2.984,0.000,"yes, MAS",RJ,,153,176,196,145.2,0.06,145.14,159,0,76.9,0.0,76.9,,
EMJA,2022-EMJA-BK-012,BK,6/8/22,1,O,1,3.506,3.155,0.000,"yes, MAS",RJ,,139,163,178,112.3,0.08,112.22,169,0,93.6,0.0,93.6,,
EMJA,2022-EMJA-BK-013,BK,6/8/22,3,O,3,4.047,3.942,3.661,"yes, MAS altered",RJ,,171,195,218,204.3,0.73,203.57,218,200,202.4,157.1,45.3,,
EMJA,2022-EMJA-BK-014,BK,6/8/22,1,O,1,3.155,2.855,0.000,"yes, MAS",MAS,,140,165,181,111.0,0.08,110.92,151,0,65.7,0.0,65.7,,
EMJA,2022-EMJA-BK-015,BK,6/8/22,2,T,3,4.020,4.020,3.601,"yes, MAS altered",RJ,,183,210,230,238.0,4.09,233.91,222,197,216.4,148.4,68.0,,
EMJA,2022-EMJA-BK-016,BK,6/8/22,1,O,1,3.160,2.472,0.000,"yes, MAS",RJ,,142,166,182,118.9,0.10,118.80,127,0,39.1,0.0,39.1,,
EMJA,2022-EMJA-BK-017,BK,6/8/22,1,O,1,3.507,3.114,0.000,"yes, MAS",RJ,,146,175,194,141.1,0.14,140.96,167,0,89.4,0.0,89.4,,
EMJA,2022-EMJA-BK-018,BK,6/8/22,1,O,1,3.484,3.265,0.000,"yes, MAS",RJ,,140,164,180,123.8,10.72,113.08,176,0,105.6,0.0,105.6,,
EMJA,2022-EMJA-BK-019,BK,6/8/22,1,O,1,3.777,3.193,0.000,"yes, MAS",RJ,,156,182,200,144.9,0.08,144.82,172,0,97.7,0.0,97.7,,
EMJA,2022-EMJA-BK-020,BK,6/8/22,1,O,1,3.554,3.132,0.000,"yes, MAS",RJ,,136,160,176,107.8,0.07,107.73,168,0,91.3,0.0,91.3,,
EMJA,2022-EMJA-BK-021,BK,6/8/22,1,O,1,2.988,2.421,0.000,"yes, MAS",RJ,,123,144,155,77.1,0.03,77.07,124,0,36.2,0.0,36.2,,
EMJA,2022-EMJA-BK-022,BK,6/8/22,1,O,1,3.112,2.689,0.000,"yes, MAS",MAS,,138,161,181,116.4,0.09,116.31,141,0,53.0,0.0,53.0,,
EMJA,2022-EMJA-BK-023,BK,6/8/22,1,O,1,3.644,3.143,0.000,"yes, MAS",RJ,,145,169,188,132.2,0.05,132.15,168,0,92.4,0.0,92.4,,
EMJA,2022-EMJA-BK-024,BK,6/8/22,1,O,1,3.058,2.448,0.000,"yes, MAS",MAS,,133,156,171,92.2,0.04,92.16,126,0,37.7,0.0,37.7,,
EMJA,2022-EMJA-BK-025,BK,6/8/22,1,O,1,3.198,2.590,0.000,"yes, MAS",RJ,,143,167,185,111.9,0.14,111.76,134,0,46.3,0.0,46.3,,
EMJA,2022-EMJA-BK-026,BK,6/8/22,1,O,1,3.498,3.098,0.000,"yes, MAS",RJ,,150,175,191,136.6,4.91,131.69,166,0,87.8,0.0,87.8,,
EMJA,2022-EMJA-BK-027,BK,6/8/22,5,O,5,4.054,3.970,3.843,"yes, MAS",MAS,,188,206,235,277.8,0.82,276.98,219,211,207.4,185.6,21.8,,
EMJA,2022-EMJA-BK-028,BK,6/8/22,1,O,1,3.114,2.369,0.000,"yes, MAS",RJ,,135,159,175,108.1,0.15,107.95,121,0,33.4,0.0,33.4,,
EMJA,2022-EMJA-BK-029,BK,6/8/22,1,O,1,3.455,2.972,0.000,"yes, MAS",RJ,,144,166,188,130.9,0.08,130.82,158,0,75.8,0.0,75.8,,
EMJA,2022-EMJA-BK-030,BK,7/7/22,2,O,2,3.839,3.665,3.193,"yes, MAS altered",RJ,,176,203,224,214.0,0.73,213.27,201,172,157.7,97.7,60.0,,
EMJA,2022-EMJA-BK-031,BK,7/7/22,1,O,1,3.572,2.934,0.000,"yes, MAS",RJ,,146,171,186,125.6,1.12,124.48,156,0,72.5,0.0,72.5,,
EMJA,2022-EMJA-BK-032,BK,7/7/22,4,O,4,3.739,3.620,3.427,"yes, MAS",MAS,,188,214,234,246.4,0.87,245.53,198,186,151.1,125.0,26.1,,
EMJA,2022-EMJA-BK-033,BK,7/7/22,2,O,1,3.726,2.941,0.000,"yes, MAS altered",RJ,,157,183,199,143.7,1.47,142.23,156,0,73.1,0.0,73.1,,
EMJA,2022-EMJA-BK-034,BK,7/7/22,2,O,1,3.711,3.119,0.000,"yes, MAS altered",RJ,,158,184,204,166.9,0.17,166.73,167,0,89.9,0.0,89.9,,
EMJA,2022-EMJA-BK-035,BK,7/7/22,1,T,1,3.422,2.743,0.000,"yes, MAS altered",RJ,,148,172,188,120.5,0.05,120.45,144,0,57.0,0.0,57.0,,
EMJA,2022-EMJA-BK-036,BK,7/7/22,1,T,1,3.590,3.095,0.000,"yes, MAS altered",RJ,,150,175,194,144.2,0.04,144.16,166,0,87.5,0.0,87.5,,
EMJA,2022-EMJA-BK-037,BK,7/7/22,1,O,1,3.332,2.844,0.000,"yes, MAS",RJ ,,141,165,182,115.6,0.05,115.55,150,0,64.8,0.0,64.8,,
EMJA,2022-EMJA-BK-038,BK,7/7/22,1,T,1,3.661,3.139,0.000,"yes, MAS altered",RJ,,151,175,194,136.1,0.11,135.99,168,0,92.0,0.0,92.0,,
EMJA,2022-EMJA-BK-039,BK,7/7/22,2,O,1,3.491,2.960,0.000,"yes, MAS altered",RJ,,152,178,195,159.1,18.49,140.61,157,0,74.8,0.0,74.8,,
EMJA,2022-EMJA-BK-040,BK,7/7/22,1,T,1,3.334,2.714,0.000,"yes, MAS",MAS,,151,176,193,128.9,6.78,122.12,142,0,54.8,0.0,54.8,,
EMJA,2022-EMJA-BK-041,BK,7/7/22,2,O,1,3.260,2.719,0.000,"yes, MAS altered",RJ,,151,176,193,139.7,0.11,139.59,142,0,55.2,0.0,55.2,,
EMJA,2022-EMJA-BK-042,BK,7/7/22,1,T,1,3.365,2.582,0.000,"yes, MAS altered",RJ,,137,161,177,109.3,0.09,109.21,134,0,45.8,0.0,45.8,,
EMJA,2022-EMJA-BK-043,BK,7/7/22,1,T,1,3.680,2.945,0.000,"yes, MAS altered",RJ,,157,182,202,150.8,0.06,150.74,156,0,73.4,0.0,73.4,,
EMJA,2022-EMJA-BK-044,BK,8/10/22,1,T,1,3.348,3.049,0.000,"yes, MAS altered",RJ,,150,175,187,131.0,2.46,128.54,163,0,83.0,0.0,83.0,,
EMJA,2022-EMJA-BK-045,BK,8/10/22,1,T,1,3.317,2.534,0.000,"yes, MAS altered",RJ,,145,168,184,114.4,0.06,114.34,131,0,42.8,0.0,42.8,,
EMJA,2022-EMJA-BK-046,BK,8/10/22,1,T,1,3.126,2.394,0.000,"yes, MAS altered",RJ,,137,159,176,94.1,0.06,94.04,122,0,34.7,0.0,34.7,,
EMJA,2022-EMJA-BK-047,BK,8/10/22,1,T,0,3.067,2.713,0.000,"yes, MAS altered",RJ,,133,155,172,96.8,1.43,95.37,142,0,54.8,0.0,54.8,,
EMJA,2022-EMJA-BK-048,BK,8/10/22,2,O,1,3.647,3.013,0.000,"yes, MAS altered",RJ,,160,188,207,166.0,1.29,164.71,160,0,79.6,0.0,79.6,,
EMJA,2022-EMJA-BK-049,BK,8/10/22,2,O,1,3.521,3.128,0.000,"yes, MAS altered",RJ,,152,173,189,132.4,0.43,131.97,168,0,90.9,0.0,90.9,,
EMJA,2022-EMJA-BK-050,BK,8/10/22,2,O,1,3.312,2.660,0.000,"yes, MAS altered",RJ,,158,183,200,159.4,25.17,134.23,139,0,51.0,0.0,51.0,,
EMJA,2022-EMJA-BK-051,BK,8/10/22,2,O,1,3.749,3.112,0.000,"yes, MAS altered",RJ,,159,187,205,162.7,0.76,161.94,167,0,89.2,0.0,89.2,,
EMJA,2022-EMJA-BK-052,BK,8/10/22,1,T,1,3.302,2.788,0.000,"yes, MAS altered",RJ,,141,165,183,115.3,0.48,114.82,147,0,60.4,0.0,60.4,,
EMJA,2022-EMJA-BK-053,BK,8/10/22,3,T,3,4.184,3.897,3.410,"yes, MAS altered",RJ,,185,212,236,258.6,2.47,256.13,215,185,194.7,122.9,71.8,,
EMJA,2022-EMJA-BK-054,BK,8/10/22,1,T,1,3.230,2.719,0.000,"yes, MAS altered",RJ,,150,175,193,140.7,0.58,140.12,142,0,55.2,0.0,55.2,,
EMJA,2022-EMJA-BK-055,BK,8/10/22,1,T,1,3.860,3.180,0.000,"yes, MAS altered",RJ,,159,185,204,152.0,0.76,151.24,171,0,96.3,0.0,96.3,,
EMJA,2022-EMJA-BK-056,BK,8/10/22,1,T,1,3.444,3.100,0.000,"yes, MAS altered",RJ,,149,175,193,134.9,0.09,134.81,166,0,88.0,0.0,88.0,,
EMJA,2022-EMJA-BK-057,BK,8/17/22,2,O,1,3.639,2.959,0.000,"yes, MAS altered",MAS,,160,191,210,189.2,1.35,187.85,157,0,74.7,0.0,74.7,,
EMJA,2022-EMJA-BK-058,BK,8/17/22,1,O,1,3.091,2.258,0.000,"don't use, poor structure",RJ,,150,175,191,132.7,1.73,130.97,,0,,,,,
EMJA,2022-EMJA-BK-059,BK,8/17/22,1,T,1,3.406,2.776,0.000,"yes, MAS",RJ,,148,172,188,123.5,0.07,123.43,146,0,59.5,0.0,59.5,,
EMJA,2022-EMJA-BK-060,BK,8/17/22,2,O,1,3.277,2.664,0.000,"yes, MAS altered",RJ,,139,165,178,119.2,1.84,117.36,139,0,51.3,0.0,51.3,,
EMJA,2022-EMJA-BK-061,BK,8/17/22,2,O,1,3.432,2.838,0.000,"yes, MAS altered",RJ,,148,175,193,141.4,,141.40,150,0,64.4,0.0,64.4,,
EMJA,2022-EMJA-BK-062,BK,8/17/22,2,O,1,3.405,2.871,0.000,"yes, MAS altered",RJ,,155,183,200,151.1,0.44,150.66,152,0,67.1,0.0,67.1,,
EMJA,2022-EMJA-BK-063,BK,8/17/22,0,O,0,2.406,0.000,0.000,"don't use, YOY",MAS,,93,111,120,32.9,0.02,32.88,,0,,,,,
EMJA,2022-EMJA-BK-064,BK,8/17/22,2,O,1,3.396,2.740,0.000,"yes, MAS altered",RJ ,,139,163,180,118.3,0.05,118.25,144,0,56.7,0.0,56.7,,
EMJA,2022-EMJA-BK-065,BK,8/17/22,2,O,1,3.631,2.904,0.000,"yes, MAS altered",RJ,,159,185,206,173.4,2.71,170.69,154,0,69.9,0.0,69.9,,
EMJA,2022-EMJA-BK-066,BK,8/17/22,1,T,1,3.285,2.711,0.000,"yes, MAS altered",RJ,,140,164,180,111.4,1.52,109.88,142,0,54.6,0.0,54.6,,
EMJA,2022-EMJA-BK-067,BK,8/17/22,3,O,3,4.180,3.885,3.687,"yes, MAS altered",RJ,,183,212,234,259.9,2.76,257.14,214,202,192.6,161.0,31.6,,
EMJA,2022-EMJA-BK-068,BK,8/17/22,2,O,1,3.358,2.707,0.000,"yes, MAS altered",RJ,,153,181,196,153.4,2.45,150.95,142,0,54.3,0.0,54.3,,
EMJA,2022-EMJA-BK-069,BK,8/17/22,2,O,1,3.485,2.862,0.000,"yes, MAS altered",RJ,,143,169,185,128.1,0.73,127.37,151,0,66.3,0.0,66.3,,
EMJA,2022-EMJA-BK-070,BK,8/17/22,,,,,,,"don't use, broken",,,148,176,195,142.0,2.45,139.55,,0,,,,,
EMJA,2022-EMJA-BK-071,BK,8/17/22,2,O,1,3.435,2.602,0.000,"yes, MAS altered",RJ,,155,181,197,167.5,2.68,164.82,135,0,47.1,0.0,47.1,,
EMJA,2022-EMJA-BK-072,BK,8/17/22,2,O,1,3.515,2.969,0.000,"yes, MAS altered",RJ,,152,180,197,167.2,1.53,165.67,158,0,75.6,0.0,75.6,,
EMJA,2022-EMJA-BK-073,BK,8/17/22,2,O,1,3.687,3.048,0.000,"yes, MAS altered",RJ,,150,175,195,153.5,0.35,153.15,163,0,82.9,0.0,82.9,,
EMJA,2022-EMJA-BK-074,BK,8/17/22,0,O,0,2.438,0.000,0.000,"don't use, YOY",MAS,,103,125,134,45.0,0.02,44.98,,0,,,,,
EMJA,2022-EMJA-BK-075,BK,8/30/22,1,T,1,3.518,2.936,0.000,"yes, MAS",RJ ,,145,171,187,145.6,0.09,145.51,156,0,72.6,0.0,72.6,,
EMJA,2022-EMJA-BK-076,BK,8/30/22,4,O,3,4.074,3.724,3.188,"yes, MAS altered",RJ,,187,216,242,284.0,6.60,277.40,204,171,166.6,97.1,69.5,,
EMJA,2022-EMJA-BK-077,BK,8/30/22,1,T,1,3.304,2.763,0.000,"yes, MAS",RJ,,147,172,192,137.1,1.74,135.36,145,0,58.5,0.0,58.5,,
EMJA,2022-EMJA-BK-078,BK,8/30/22,2,T,2,3.733,3.302,2.650,"yes, MAS altered",RJ,,166,192,217,202.8,2.90,199.90,178,138,109.8,50.3,59.5,,
EMJA,2022-EMJA-BK-079,BK,8/30/22,1,T,1,3.022,2.277,0.000,"yes, MAS altered",RJ,,141,164,180,108.3,1.18,107.12,115,0,28.9,0.0,28.9,,
EMJA,2022-EMJA-BK-080,BK,8/30/22,2,O,1,3.443,2.777,0.000,"yes, MAS altered",RJ,,153,179,197,160.5,2.57,157.93,146,0,59.5,0.0,59.5,,
EMJA,2022-EMJA-BK-081,BK,8/30/22,2,O,1,3.288,2.519,0.000,"yes, MAS altered",RJ,,147,170,190,125.5,1.76,123.74,130,0,41.9,0.0,41.9,,
EMJA,2022-EMJA-BK-082,BK,8/30/22,0,O,0,2.649,0.000,0.000,"don't use, YOY",MAS,,100,121,133,46.8,0.13,46.67,,0,,,,,
EMJA,2022-EMJA-BK-083,BK,8/30/22,0,O,0,2.501,0.000,0.000,"don't use, YOY",MAS,,96,114,125,39.4,0.01,39.39,,0,,,,,
EMJA,2022-EMJA-BK-084,BK,8/30/22,2,O,1,3.502,2.891,0.000,"yes, MAS altered",RJ,,152,179,193,149.0,2.54,146.46,153,0,68.7,0.0,68.7,,
EMJA,2022-EMJA-BK-085,BK,8/30/22,1,T,1,3.203,2.541,0.000,"yes, MAS altered",RJ,,140,165,183,121.1,0.18,120.92,131,0,43.2,0.0,43.2,,
EMJA,2022-EMJA-BK-086,BK,8/30/22,0,O,0,2.751,0.000,0.000,"don't use, YOY",MAS,,108,126,139,51.6,0.03,51.57,,0,,,,,
EMJA,2022-EMJA-BK-087,BK,9/13/22,3,O,2,3.990,3.472,2.877,"yes, MAS altered",RJ,,174,207,228,227.3,3.12,224.18,189,152,130.8,67.6,63.2,,
EMJA,2022-EMJA-BK-088,BK,9/13/22,1,O,1,3.541,2.777,0.000,"yes, MAS altered",RJ,,149,176,195,144.8,1.28,143.52,146,0,59.5,0.0,59.5,,
EMJA,2022-EMJA-BK-089,BK,9/13/22,2,O,1,3.607,2.893,0.000,"yes, MAS altered",RJ,,159,186,206,180.9,3.08,177.82,153,0,68.9,0.0,68.9,,
EMJA,2022-EMJA-BK-090,BK,9/13/22,2,O,1,3.212,2.428,0.000,"yes, MAS altered",RJ,,139,163,179,112.0,0.07,111.93,125,0,36.6,0.0,36.6,,
EMJA,2022-EMJA-BK-091,BK,9/13/22,1,T,1,3.537,3.039,0.000,"yes, MAS altered",RJ,,145,172,189,139.3,2.32,136.98,162,0,82.1,0.0,82.1,,
EMJA,2022-EMJA-BK-092,BK,9/13/22,2,O,1,3.579,3.004,0.000,"yes, MAS altered",RJ,,156,185,206,169.2,2.40,166.80,160,0,78.8,0.0,78.8,,
EMJA,2022-EMJA-BK-093,BK,9/13/22,3,T,4,3.995,3.520,3.520,"don't use, poor structure",RJ,,185,218,238,266.3,0.36,265.94,,,,,,,
EMJA,2022-EMJA-BK-094,BK,9/13/22,2,T,1,3.503,2.972,0.000,"yes, MAS altered",RJ,,152,179,198,158.0,1.33,156.67,158,0,75.8,0.0,75.8,,
EMJA,2022-EMJA-BK-095,BK,9/13/22,2,O,1,3.441,2.775,0.000,"yes, MAS altered",RJ,,143,168,184,115.2,1.17,114.03,146,0,59.4,0.0,59.4,,
EMJA,2022-EMJA-BK-096,BK,9/13/22,2,O,1,3.517,2.882,0.000,"yes, MAS altered",RJ,,166,195,212,180.8,3.06,177.74,152,0,68.0,0.0,68.0,,
EMJA,2022-EMJA-BK-097,BK,9/27/22,2,O,1,3.508,2.912,0.000,"yes, MAS altered",RJ,,173,199,220,194.3,3.16,191.14,154,0,70.5,0.0,70.5,,
EMJA,2022-EMJA-BK-098,BK,9/27/22,2,O,1,3.661,3.131,0.000,"yes, MAS altered",RJ,,163,186,204,157.5,0.32,157.18,168,0,91.2,0.0,91.2,,
EMJA,2022-EMJA-BK-099,BK,9/27/22,2,O,1,3.762,3.063,0.000,"yes, MAS altered",RJ,,167,196,215,175.6,1.77,173.83,164,0,84.4,0.0,84.4,,
EMJA,2022-EMJA-BK-100,BK,9/27/22,2,O,1,3.496,2.728,0.000,"yes, MAS altered",RJ,,147,170,185,123.6,1.66,121.94,143,0,55.9,0.0,55.9,,
EMJA,2022-EMJA-BK-101,BK,9/27/22,0,T,0,2.402,0.000,0.000,"don't use, YOY",MAS,,109,125,133,47.4,0.39,47.01,,0,,,,,
EMJA,2022-EMJA-BK-102,BK,9/27/22,2,O,1,3.652,3.011,0.000,"yes, MAS altered",RJ,,151,173,190,132.3,0.08,132.22,160,0,79.4,0.0,79.4,,
EMJA,2022-EMJA-SMK-001,SMK,5/26/22,1,O,1,3.121,2.903,0.000,"yes, MAS",RJ,,125,144,158,71.9,0.02,71.88,154,0,69.8,0.0,69.8,,
EMJA,2022-EMJA-SMK-002,SMK,5/26/22,1,O,1,3.421,3.073,0.000,"yes, MAS",RJ,,142,165,183,124.1,0.02,124.08,164,0,85.4,0.0,85.4,,
EMJA,2022-EMJA-SMK-003,SMK,5/26/22,1,O,1,3.333,3.075,0.000,"yes, MAS",RJ,,133,156,172,95.7,0.05,95.65,164,0,85.6,0.0,85.6,,
EMJA,2022-EMJA-SMK-004,SMK,5/26/22,1,O,1,3.386,3.086,0.000,"yes, MAS",RJ,,141,163,181,110.2,0.04,110.16,165,0,86.6,0.0,86.6,,
EMJA,2022-EMJA-SMK-005,SMK,5/26/22,5,O,5,4.059,3.956,3.757,"yes, MAS",MAS,,183,210,235,263.9,0.08,263.82,218,206,204.9,171.7,33.2,,
EMJA,2022-EMJA-SMK-006,SMK,5/26/22,1,O,1,3.529,3.176,0.000,"yes, MAS",RJ,,140,165,182,112.8,0.05,112.75,170,0,95.9,0.0,95.9,,
EMJA,2022-EMJA-SMK-007,SMK,5/26/22,2,O,2,3.618,3.297,2.607,"yes, MAS altered",RJ,,157,185,205,170.6,0.09,170.51,178,136,109.3,47.4,61.8,,
EMJA,2022-EMJA-SMK-008,SMK,5/26/22,4,O,4,4.012,3.843,3.531,"yes, MAS",MAS,,172,197,218,228.5,0.11,228.39,211,192,185.6,138.7,46.9,,
EMJA,2022-EMJA-SMK-009,SMK,5/26/22,1,O,1,3.403,2.989,0.000,"yes, MAS",RJ,,134,157,172,94.8,0.04,94.76,159,0,77.4,0.0,77.4,,
EMJA,2022-EMJA-SMK-010,SMK,5/26/22,1,O,1,3.312,2.862,0.000,"yes, MAS",RJ,,142,164,182,114.6,0.04,114.56,151,0,66.3,0.0,66.3,,
EMJA,2022-EMJA-SMK-011,SMK,5/26/22,4,O,4,4.185,4.070,3.789,"yes, MAS",RJ,,177,200,224,239.0,0.11,238.89,225,208,225.7,176.8,48.9,,
EMJA,2022-EMJA-SMK-012,SMK,5/26/22,1,O,1,3.273,2.948,0.000,"yes, MAS",RJ,,130,155,171,100.5,0.09,100.41,156,0,73.7,0.0,73.7,,
EMJA,2022-EMJA-SMK-013,SMK,5/26/22,1,O,1,3.313,2.970,0.000,"yes, MAS",RJ,,134,157,173,101.0,0.04,100.96,158,0,75.7,0.0,75.7,,
EMJA,2022-EMJA-SMK-014,SMK,5/26/22,1,O,1,3.286,3.063,0.000,"yes, MAS",RJ,,134,155,170,102.8,7.51,95.29,164,0,84.4,0.0,84.4,,
EMJA,2022-EMJA-SMK-015,SMK,5/26/22,3,T,4,3.791,3.791,3.441,"yes, MAS",MAS,,170,191,216,212.2,0.10,212.10,208,187,177.1,126.8,50.3,,
EMJA,2022-EMJA-SMK-016,SMK,5/26/22,1,O,1,3.420,3.024,0.000,"yes, MAS",RJ,,137,162,179,107.8,0.03,107.77,161,0,80.6,0.0,80.6,,
EMJA,2022-EMJA-SMK-017,SMK,5/26/22,1,O,1,3.474,3.110,0.000,"yes, MAS",RJ,,135,157,174,109.9,6.90,103.00,166,0,89.0,0.0,89.0,,
EMJA,2022-EMJA-SMK-018,SMK,5/26/22,2,O,2,3.670,3.535,2.726,"yes, MAS altered",RJ,,144,166,181,123.0,0.88,122.12,193,143,139.2,55.7,83.5,,
EMJA,2022-EMJA-SMK-019,SMK,5/26/22,2,O,2,3.910,3.719,3.084,"yes, MAS",MAS,,157,180,197,159.9,0.09,159.81,204,165,165.8,86.4,79.4,,
EMJA,2022-EMJA-SMK-020,SMK,5/26/22,3,O,3,3.543,3.452,3.061,"yes, MAS",MAS,,170,195,218,202.7,0.06,202.64,187,163,128.2,84.2,44.0,,
EMJA,2022-EMJA-SMK-021,SMK,6/7/22,1,O,1,2.908,2.335,0.000,"yes, MAS",RJ,,118,139,152,65.5,0.01,65.49,119,0,31.7,0.0,31.7,,
EMJA,2022-EMJA-SMK-022,SMK,6/7/22,1,O,1,3.647,3.264,0.000,"yes, MAS",RJ,,145,169,184,128.6,0.08,128.52,176,0,105.5,0.0,105.5,,
EMJA,2022-EMJA-SMK-023,SMK,6/7/22,0,O,0,2.214,0.000,0.000,"don't use, YOY",RJ,,87,101,110,23.4,0.03,23.37,,0,,,,,
EMJA,2022-EMJA-SMK-024,SMK,6/7/22,1,O,1,3.655,3.268,0.000,"yes, MAS",RJ,,146,172,189,134.7,0.16,134.54,176,0,105.9,0.0,105.9,,
EMJA,2022-EMJA-SMK-025,SMK,6/7/22,1,O,1,3.156,2.760,0.000,"yes, MAS",RJ,,134,157,173,99.9,0.09,99.81,145,0,58.2,0.0,58.2,,
EMJA,2022-EMJA-SMK-026,SMK,6/7/22,1,O,1,3.444,2.945,0.000,"yes, MAS",RJ,,148,173,190,130.2,0.02,130.18,156,0,73.4,0.0,73.4,,
EMJA,2022-EMJA-SMK-027,SMK,6/7/22,1,O,1,3.391,3.070,0.000,"yes, MAS",RJ,,141,167,181,110.9,0.07,110.83,164,0,85.1,0.0,85.1,,
EMJA,2022-EMJA-SMK-028,SMK,6/7/22,1,O,1,3.507,3.023,0.000,"yes, MAS",RJ,,135,162,177,112.5,0.12,112.38,161,0,80.6,0.0,80.6,,
EMJA,2022-EMJA-SMK-029,SMK,6/7/22,1,O,1,3.239,2.912,0.000,"yes, MAS",RJ,,142,169,185,137.9,18.14,119.76,154,0,70.5,0.0,70.5,,
EMJA,2022-EMJA-SMK-030,SMK,6/7/22,1,O,1,3.330,2.957,0.000,"yes, MAS",RJ,,144,170,186,117.9,0.15,117.75,157,0,74.5,0.0,74.5,,
EMJA,2022-EMJA-SMK-031,SMK,6/7/22,2,O,2,3.885,3.465,2.739,"yes, MAS altered",RJ,,175,204,225,223.1,0.92,222.18,188,144,129.9,56.7,73.2,,
EMJA,2022-EMJA-SMK-032,SMK,6/7/22,1,O,1,3.049,2.630,0.000,"yes, MAS",RJ,,129,154,169,92.7,0.09,92.61,137,0,49.0,0.0,49.0,,
EMJA,2022-EMJA-SMK-033,SMK,6/7/22,2,O,2,3.661,3.417,2.609,"yes, MAS",RJ,,156,185,205,169.0,0.12,168.88,185,136,123.7,47.6,76.2,,
EMJA,2022-EMJA-SMK-034,SMK,6/7/22,1,O,1,3.507,3.207,0.000,"yes, MAS",RJ,,144,170,189,127.0,0.07,126.93,172,0,99.2,0.0,99.2,,
EMJA,2022-EMJA-SMK-035,SMK,6/7/22,1,O,1,3.488,3.177,0.000,"yes, MAS",RJ,,145,171,186,128.8,0.12,128.68,171,0,96.0,0.0,96.0,,
EMJA,2022-EMJA-SMK-036,SMK,7/8/22,0,O,0,2.398,0.000,0.000,"don't use, YOY",RJ,,91,112,120,32.6,0.01,32.59,,0,,,,,
EMJA,2022-EMJA-SMK-037,SMK,7/8/22,0,O,0,2.191,0.000,0.000,"don't use, YOY",RJ,,84,103,110,24.9,0.02,24.88,,0,,,,,
EMJA,2022-EMJA-SMK-038,SMK,7/8/22,0,O,0,2.532,0.000,0.000,"don't use, YOY",RJ,,88,108,118,28.1,0.01,28.09,,0,,,,,
EMJA,2022-EMJA-SMK-039,SMK,7/8/22,0,O,0,2.156,0.000,0.000,"don't use, YOY",RJ,,80,94,100,21.8,0.02,21.78,,0,,,,,
EMJA,2022-EMJA-SMK-040,SMK,8/11/22,1,T,1,3.280,2.834,0.000,"yes, MAS",RJ,,140,170,185,125.3,0.32,124.98,149,0,64.0,0.0,64.0,,
EMJA,2022-EMJA-SMK-041,SMK,8/11/22,2,O,1,3.713,3.263,0.000,"yes, MAS altered",RJ,,150,176,194,138.0,0.78,137.22,176,0,105.4,0.0,105.4,,
EMJA,2022-EMJA-SMK-042,SMK,8/11/22,2,O,1,3.567,2.985,0.000,"yes, MAS altered",RJ,,145,172,187,134.8,0.88,133.92,159,0,77.0,0.0,77.0,,
EMJA,2022-EMJA-SMK-043,SMK,8/11/22,2,T,1,3.437,3.045,0.000,"yes, MAS altered",RJ,,145,170,180,136.0,1.23,134.77,162,0,82.6,0.0,82.6,,
EMJA,2022-EMJA-SMK-044,SMK,8/11/22,2,O,2,3.852,3.505,2.788,"yes, MAS altered",RJ,,165,195,214,192.1,2.00,190.10,191,147,135.2,60.4,74.8,,
EMJA,2022-EMJA-SMK-045,SMK,8/11/22,2,O,1,3.695,3.014,0.000,"yes, MAS altered",RJ,,155,180,197,150.6,1.28,149.32,161,0,79.7,0.0,79.7,,
EMJA,2022-EMJA-SMK-046,SMK,8/11/22,2,O,2,3.759,3.364,2.715,"yes, MAS altered",RJ,,160,190,208,195.2,2.46,192.74,182,142,117.2,54.9,62.3,,
EMJA,2022-EMJA-SMK-047,SMK,8/11/22,1,O,1,3.733,3.082,0.000,"yes, MAS altered",RJ,,150,180,195,151.4,1.01,150.39,165,0,86.2,0.0,86.2,,
EMJA,2022-EMJA-SMK-048,SMK,8/11/22,2,T,1,3.395,2.836,0.000,"yes, MAS altered",RJ,,149,174,186,136.6,1.39,135.21,150,0,64.2,0.0,64.2,,
EMJA,2022-EMJA-SMK-049,SMK,8/11/22,1,O,1,3.530,2.880,0.000,"yes, MAS",RJ,,150,176,194,143.6,1.25,142.35,152,0,67.8,0.0,67.8,,
EMJA,2022-EMJA-SMK-050,SMK,8/11/22,2,O,1,3.668,3.033,0.000,"yes, MAS altered",RJ,,149,175,192,141.9,1.44,140.46,162,0,81.5,0.0,81.5,,
EMJA,2022-EMJA-SMK-051,SMK,8/11/22,2,O,1,3.242,2.773,0.000,"yes, MAS altered",RJ,,134,156,171,97.4,0.06,97.34,146,0,59.2,0.0,59.2,,
EMJA,2022-EMJA-SMK-052,SMK,8/11/22,3,O,3,3.992,3.781,3.280,"yes, MAS altered",RJ,,170,205,224,231.6,2.54,229.06,208,177,175.5,107.3,68.2,,
EMJA,2022-EMJA-SMK-053,SMK,8/11/22,2,O,1,3.646,3.141,0.000,"yes, MAS altered",RJ,,140,165,181,127.9,2.40,125.50,168,0,92.2,0.0,92.2,,
EMJA,2022-EMJA-SMK-054,SMK,8/11/22,1,T,1,3.659,3.049,0.000,"yes, MAS altered",RJ,,145,175,191,142.4,2.94,139.46,163,0,83.0,0.0,83.0,,
EMJA,2022-EMJA-SMK-055,SMK,8/11/22,0,O,0,2.354,0.000,0.000,"don't use, YOY",RJ,,96,119,129,41.0,0.02,40.98,,0,,,,,
EMJA,2022-EMJA-SMK-056,SMK,8/11/22,0,O,0,2.341,0.000,0.000,"don't use, YOY",RJ,,86,105,114,27.3,0.03,27.27,,0,,,,,
EMJA,2022-EMJA-SMK-057,SMK,8/11/22,0,O,0,2.368,0.000,0.000,"don't use, YOY",RJ,,90,106,116,26.8,0.07,26.73,,0,,,,,
EMJA,2022-EMJA-SMK-058,SMK,8/11/22,0,O,0,2.511,0.000,0.000,"don't use, YOY",RJ,,94,112,121,33.2,0.02,33.18,,0,,,,,
EMJA,2022-EMJA-SMK-059,SMK,8/11/22,0,O,0,2.377,0.000,0.000,"don't use, YOY",RJ,,90,109,119,30.2,0.03,30.17,,0,,,,,
EMJA,2022-EMJA-SMK-060,SMK,8/11/22,0,O,0,2.680,0.000,0.000,"don't use, YOY",RJ,,100,121,131,42.1,0.02,42.08,,0,,,,,
EMJA,2022-EMJA-SMK-061,SMK,8/11/22,0,O,0,2.490,0.000,0.000,"don't use, YOY",RJ,,95,115,124,38.0,0.01,37.99,,0,,,,,
EMJA,2022-EMJA-SMK-062,SMK,8/11/22,2,O,1,2.985,2.325,0.000,"yes, MAS altered",RJ,,130,150,163,91.0,0.65,90.35,118,0,31.2,0.0,31.2,,
EMJA,2022-EMJA-SMK-063,SMK,8/11/22,2,O,1,3.566,3.002,0.000,"yes, MAS altered",RJ,,140,170,185,129.7,2.22,127.48,160,0,78.6,0.0,78.6,,
EMJA,2022-EMJA-SMK-064,SMK,8/11/22,1,T,1,3.536,2.993,0.000,"yes, MAS",RJ,,150,179,195,152.1,0.47,151.63,159,0,77.8,0.0,77.8,,
EMJA,2022-EMJA-SMK-065,SMK,8/11/22,1,O,1,3.424,3.246,0.000,"yes, MAS",RJ,,135,165,179,105.7,0.48,105.22,175,0,103.5,0.0,103.5,,
EMJA,2022-EMJA-SMK-066,SMK,8/11/22,2,O,1,3.500,3.043,0.000,"yes, MAS",,,141,168,185,115.8,0.55,115.25,162,0,82.5,0.0,82.5,,
EMJA,2022-EMJA-SMK-067,SMK,8/11/22,1,O,1,3.280,2.873,0.000,"yes, MAS",RJ,,140,169,183,106.8,0.80,106.00,152,0,67.2,0.0,67.2,,
EMJA,2022-EMJA-SMK-068,SMK,8/11/22,2,O,1,3.440,2.821,0.000,"yes, MAS altered",RJ,,135,160,174,98.6,0.76,97.84,149,0,63.0,0.0,63.0,,
EMJA,2022-EMJA-SMK-069,SMK,8/11/22,2,O,1,3.613,3.001,0.000,"yes, MAS altered",RJ,,140,170,186,122.9,0.19,122.71,160,0,78.5,0.0,78.5,,
EMJA,2022-EMJA-SMK-070,SMK,8/11/22,1,O,1,3.438,3.030,0.000,"yes, MAS altered",RJ,,140,172,187,121.3,0.30,121.00,162,0,81.2,0.0,81.2,,
EMJA,2022-EMJA-SMK-071,SMK,8/11/22,3,O,3,3.753,3.470,3.112,"yes, MAS altered",RJ,,155,185,200,176.7,2.38,174.32,189,167,130.5,89.2,41.3,,
EMJA,2022-EMJA-SMK-072,SMK,8/11/22,2,O,2,3.742,3.297,2.541,"yes, MAS altered",RJ,,155,191,209,181.2,2.55,178.65,178,131,109.3,43.2,66.1,,
EMJA,2022-EMJA-SMK-073,SMK,8/11/22,2,T,1,3.713,3.163,0.000,"yes, MAS altered",RJ,,150,176,194,155.2,2.17,153.03,170,0,94.5,0.0,94.5,,
EMJA,2022-EMJA-SMK-074,SMK,8/11/22,2,T,1,3.569,3.262,0.000,"yes, MAS altered",RJ,,137,165,179,111.7,0.46,111.24,176,0,105.3,0.0,105.3,,
EMJA,2022-EMJA-SMK-075,SMK,8/18/22,2,O,1,3.279,2.892,0.000,"yes, MAS",MAS,,151,179,197,149.1,0.13,148.97,153,0,68.8,0.0,68.8,,
EMJA,2022-EMJA-SMK-076,SMK,8/18/22,2,O,2,3.740,3.569,2.593,"yes, MAS",MAS,,168,198,219,206.2,0.50,205.70,195,135,143.9,46.5,97.4,,
EMJA,2022-EMJA-SMK-078,SMK,8/18/22,2,O,1,3.243,2.772,0.000,"yes, MAS",MAS,,144,170,187,136.1,2.06,134.04,146,0,59.2,0.0,59.2,,
EMJA,2022-EMJA-SMK-079,SMK,8/18/22,0,O,0,2.492,0.000,0.000,"don't use, YOY",RJ,,100,119,129,39.7,0.01,39.69,,0,,,,,
EMJA,2022-EMJA-SMK-080,SMK,8/18/22,0,O,0,2.655,0.000,0.000,"don't use, YOY",RJ,,103,125,136,49.3,0.10,49.20,,0,,,,,
EMJA,2022-EMJA-SMK-081,SMK,8/18/22,0,O,0,2.182,0.000,0.000,"don't use, YOY",RJ,,89,104,116,28.9,0.01,28.89,,0,,,,,
EMJA,2022-EMJA-SMK-082,SMK,8/18/22,0,O,0,2.618,0.000,0.000,"don't use, YOY",RJ,,97,116,126,37.6,0.01,37.59,,0,,,,,
EMJA,2022-EMJA-SMK-083,SMK,8/18/22,0,O,0,2.763,0.000,0.000,"don't use, YOY",RJ,,109,127,139,45.5,0.03,45.47,,0,,,,,
EMJA,2022-EMJA-SMK-084,SMK,8/18/22,0,O,0,2.557,0.000,0.000,"don't use, YOY",RJ,,94,111,121,34.4,0.01,34.39,,0,,,,,
EMJA,2022-EMJA-SMK-085,SMK,8/18/22,2,O,1,3.759,3.124,0.000,"yes, MAS altered",RJ,,150,178,197,160.1,1.69,158.41,167,0,90.5,0.0,90.5,,
EMJA,2022-EMJA-SMK-086,SMK,8/18/22,1,T,1,3.565,2.883,0.000,"yes, MAS",RJ,,145,173,190,145.6,0.70,144.90,152,0,68.1,0.0,68.1,,
EMJA,2022-EMJA-SMK-087,SMK,8/18/22,2,T,1,3.830,3.237,0.000,"yes, MAS",RJ,,150,178,196,143.6,0.79,142.81,174,0,102.5,0.0,102.5,,
EMJA,2022-EMJA-SMK-088,SMK,8/18/22,2,O,1,3.404,2.763,0.000,"yes, MAS altered",RJ,,134,160,176,107.0,1.70,105.30,145,0,58.5,0.0,58.5,,
EMJA,2022-EMJA-SMK-089,SMK,8/18/22,2,O,1,3.807,3.135,0.000,"yes, MAS altered",RJ,,158,184,205,168.8,1.64,167.16,168,0,91.6,0.0,91.6,,
EMJA,2022-EMJA-SMK-090,SMK,8/18/22,2,O,1,3.354,2.744,0.000,"yes, MAS",MAS,,145,170,187,125.6,0.41,125.19,144,0,57.0,0.0,57.0,,
EMJA,2022-EMJA-SMK-091,SMK,8/31/22,2,O,1,3.425,2.837,0.000,"yes, MAS altered",RJ,,142,167,185,130.5,1.66,128.84,150,0,64.3,0.0,64.3,,
EMJA,2022-EMJA-SMK-092,SMK,8/31/22,2,O,1,3.492,2.683,0.000,"yes, MAS altered",RJ,,144,178,196,153.2,2.54,150.66,140,0,52.6,0.0,52.6,,
EMJA,2022-EMJA-SMK-093,SMK,8/31/22,2,O,1,3.640,3.042,0.000,"yes, MAS altered",RJ,,153,182,201,160.5,2.99,157.51,162,0,82.4,0.0,82.4,,
EMJA,2022-EMJA-SMK-094,SMK,8/31/22,1,T,1,3.746,3.152,0.000,"yes, MAS altered",RJ,,150,177,196,153.0,2.55,150.45,169,0,93.3,0.0,93.3,,
EMJA,2022-EMJA-SMK-095,SMK,8/31/22,2,O,1,3.631,2.935,0.000,"yes, MAS altered",RJ,,149,176,193,149.8,2.46,147.34,156,0,72.5,0.0,72.5,,
EMJA,2022-EMJA-SMK-096,SMK,8/31/22,3,O,2,3.877,3.486,2.752,"yes, MAS altered",RJ,,166,194,215,180.3,2.70,177.60,190,144,132.6,57.6,75.0,,
EMJA,2022-EMJA-SMK-097,SMK,8/31/22,2,O,1,3.192,2.513,0.000,"yes, MAS altered",RJ,,132,154,172,100.4,1.78,98.62,130,0,41.5,0.0,41.5,,
EMJA,2022-EMJA-SMK-098,SMK,8/31/22,2,O,1,3.728,3.097,0.000,"yes, MAS altered",RJ,,152,182,201,165.2,2.50,162.70,166,0,87.7,0.0,87.7,,
EMJA,2022-EMJA-SMK-099,SMK,9/15/22,3,O,2,3.776,3.293,2.739,"yes, MAS altered",RJ,,167,196,216,209.9,3.43,206.47,178,144,108.8,56.7,52.1,,
EMJA,2022-EMJA-SMK-100,SMK,9/15/22,2,O,1,3.752,2.970,0.000,"yes, MAS altered",RJ ,,147,174,193,138.9,0.20,138.70,158,0,75.7,0.0,75.7,,
EMJA,2022-EMJA-SMK-101,SMK,9/15/22,2,O,1,3.576,2.919,0.000,"yes, MAS",RJ ,,147,173,193,143.3,1.69,141.61,155,0,71.1,0.0,71.1,,
EMJA,2022-EMJA-SMK-102,SMK,9/15/22,2,O,1,3.623,3.061,0.000,"yes, MAS altered",RJ,,153,183,199,159.0,2.12,156.88,163,0,84.2,0.0,84.2,,
EMJA,2022-EMJA-SMK-103,SMK,9/15/22,0,T,0,2.882,0.000,0.000,"don't use, YOY",MAS,,107,130,140,57.3,0.06,57.24,,0,,,,,
EMJA,2022-EMJA-SMK-104,SMK,9/15/22,2,O,1,3.278,2.655,0.000,"yes, MAS altered",RJ,,135,157,178,110.9,1.46,109.44,138,0,50.7,0.0,50.7,,
EMJA,2022-EMJA-SMK-105,SMK,9/15/22,0,O,0,2.826,0.000,0.000,"don't use, YOY",RJ,,103,123,134,49.7,0.04,49.66,,0,,,,,
EMJA,2022-EMJA-SMK-106,SMK,9/15/22,2,O,1,3.540,3.025,0.000,"yes, MAS altered",RJ,,151,180,198,164.9,0.32,164.58,161,0,80.7,0.0,80.7,,
EMJA,2022-EMJA-SMK-107,SMK,9/15/22,0,O,0,2.702,0.000,0.000,"don't use, YOY",RJ,,109,132,144,59.3,0.23,59.07,,0,,,,,
EMJA,2022-EMJA-SMK-108,SMK,9/15/22,0,O,0,2.904,0.000,0.000,"don't use, YOY",RJ,,108,129,143,56.3,0.20,56.10,,0,,,,,
EMJA,2022-EMJA-SMK-109,SMK,9/15/22,5,O,4,4.180,3.929,3.646,"yes, MAS altered",RJ,,190,223,242,277.4,2.70,274.70,217,199,200.2,154.9,45.3,,
EMJA,2022-EMJA-SMK-110,SMK,9/15/22,0,O,0,2.681,0.000,0.000,"don't use, YOY",RJ,,104,126,137,54.7,0.10,54.60,,0,,,,,
EMJA,2022-EMJA-SMK-111,SMK,9/29/22,4,O,4,3.913,3.836,3.416,"don't use, poor structure",RJ,,182,212,232,230.1,0.45,229.65,,,,,,,
EMJA,2022-EMJA-SMK-112,SMK,9/29/22,2,O,1,3.481,2.930,0.000,"yes, MAS altered",RJ,,147,173,192,135.8,2.02,133.78,155,0,72.1,0.0,72.1,,
EMJA,2022-EMJA-SMK-113,SMK,9/29/22,2,O,1,3.769,2.907,0.000,"yes, MAS altered",RJ,,154,180,199,159.9,0.22,159.68,154,0,70.1,0.0,70.1,,
EMJA,2022-EMJA-SMK-114,SMK,9/29/22,2,O,1,3.536,3.034,0.000,"yes, MAS altered",RJ,,150,175,194,148.5,1.51,146.99,162,0,81.6,0.0,81.6,,
EMJA,2022-EMJA-SMK-115,SMK,9/29/22,0,T,0,2.867,0.000,0.000,"don't use, YOY",RJ,,110,131,144,55.6,0.52,55.08,,0,,,,,
EMJA,2022-EMJA-WNR-001,WNR,6/9/22,1,O,1,3.337,2.884,0.000,"yes, MAS",MAS,,130,154,168,99.0,,99.00,153,0,68.2,0.0,68.2,,
EMJA,2022-EMJA-WNR-002,WNR,6/9/22,1,O,1,3.261,2.815,0.000,"yes, MAS",RJ,,132,159,174,105.0,0.06,104.94,148,0,62.5,0.0,62.5,,
EMJA,2022-EMJA-WNR-003,WNR,6/9/22,2,O,2,3.583,3.286,2.541,"yes, MAS altered",RJ,,151,181,197,143.3,0.46,142.84,177,131,108.0,43.2,64.8,,
EMJA,2022-EMJA-WNR-004,WNR,6/9/22,1,O,1,3.482,3.083,0.000,"yes, MAS",RJ,,139,165,180,115.4,0.10,115.30,165,0,86.3,0.0,86.3,,
EMJA,2022-EMJA-WNR-005,WNR,6/9/22,1,O,1,3.170,2.832,0.000,"yes, MAS",RJ,,119,141,157,80.4,0.04,80.36,149,0,63.9,0.0,63.9,,
EMJA,2022-EMJA-WNR-006,WNR,6/9/22,1,O,1,3.154,2.900,0.000,"yes, MAS",RJ,,127,152,168,93.5,0.05,93.45,154,0,69.5,0.0,69.5,,
EMJA,2022-EMJA-WNR-007,WNR,6/9/22,4,O,4,3.865,3.797,3.580,"yes, MAS altered",RJ,,173,200,222,234.8,0.08,234.72,209,195,178.1,145.4,32.6,,
EMJA,2022-EMJA-WNR-008,WNR,6/9/22,1,O,1,3.287,2.839,0.000,"yes, MAS",RJ,,130,158,175,108.9,0.06,108.84,150,0,64.4,0.0,64.4,,
EMJA,2022-EMJA-WNR-009,WNR,6/23/22,1,O,1,2.992,2.328,0.000,"yes, MAS",RJ,,118,140,156,75.2,0.02,75.18,118,0,31.3,0.0,31.3,,
EMJA,2022-EMJA-WNR-010,WNR,6/23/22,3,O,3,4.002,3.778,3.400,"yes, MAS",RJ,,169,200,217,197.1,0.06,197.04,207,184,175.0,121.6,53.4,,
EMJA,2022-EMJA-WNR-011,WNR,6/23/22,1,O,1,3.354,2.981,0.000,"yes, MAS",RJ,,131,156,173,96.0,0.05,95.95,159,0,76.7,0.0,76.7,,
EMJA,2022-EMJA-WNR-012,WNR,6/23/22,1,O,1,3.527,3.086,0.000,"yes, MAS",RJ,,136,163,180,107.9,0.02,107.88,165,0,86.6,0.0,86.6,,
EMJA,2022-EMJA-WNR-013,WNR,6/23/22,1,O,1,3.199,2.738,0.000,"yes, MAS",RJ,,128,154,168,90.3,0.05,90.25,144,0,56.6,0.0,56.6,,
EMJA,2022-EMJA-WNR-014,WNR,6/23/22,1,O,1,3.552,3.059,0.000,"yes, MAS",RJ,,140,165,180,105.1,,105.10,163,0,84.0,0.0,84.0,,
EMJA,2022-EMJA-WNR-015,WNR,6/23/22,1,O,1,3.341,3.014,0.000,"yes, MAS",RJ,,135,159,177,109.9,0.05,109.85,161,0,79.7,0.0,79.7,,
EMJA,2022-EMJA-WNR-016,WNR,6/23/22,1,O,1,3.476,3.141,0.000,"yes, MAS altered",RJ,,142,167,184,121.9,0.02,121.88,168,0,92.2,0.0,92.2,,
EMJA,2022-EMJA-WNR-017,WNR,6/23/22,4,O,4,3.949,3.803,3.510,"yes, MAS altered",RJ,,165,193,214,190.8,0.46,190.34,209,191,179.0,135.8,43.2,,
EMJA,2022-EMJA-WNR-018,WNR,6/23/22,1,O,1,3.495,3.054,0.000,"yes, MAS",RJ,,148,174,193,133.6,0.02,133.58,163,0,83.5,0.0,83.5,,
EMJA,2022-EMJA-WNR-019,WNR,6/23/22,1,O,1,3.329,2.773,0.000,"yes, MAS",RJ,,147,173,191,127.8,0.04,127.76,146,0,59.2,0.0,59.2,,
EMJA,2022-EMJA-WNR-020,WNR,6/23/22,1,O,1,3.403,3.082,0.000,"yes, MAS",RJ,,149,73,189,126.2,0.05,126.15,165,0,86.2,0.0,86.2,,
EMJA,2022-EMJA-WNR-021,WNR,6/23/22,4,O,4,3.961,3.870,3.713,"yes, MAS altered",RJ,,176,207,227,222.5,0.59,221.91,213,203,190.1,164.9,25.2,,
EMJA,2022-EMJA-WNR-022,WNR,6/23/22,1,O,1,3.196,2.859,0.000,"yes, MAS",RJ,,131,159,174,97.9,0.05,97.85,151,0,66.1,0.0,66.1,,
EMJA,2022-EMJA-WNR-023,WNR,6/23/22,1,O,1,3.562,3.093,0.000,"yes, MAS",RJ,,135,164,181,119.3,0.06,119.24,165,0,87.3,0.0,87.3,,
EMJA,2022-EMJA-WNR-024,WNR,6/23/22,2,O,2,3.652,3.549,3.000,"yes, MAS altered",RJ,,158,184,204,165.8,0.54,165.26,193,160,141.1,78.4,62.7,,
EMJA,2022-EMJA-WNR-025,WNR,6/23/22,1,O,1,3.492,3.053,0.000,"yes, MAS",RJ,,145,172,192,141.7,0.04,141.66,163,0,83.4,0.0,83.4,,
EMJA,2022-EMJA-WNR-026,WNR,6/23/22,1,O,1,2.924,2.826,0.000,"yes, MAS altered",RJ,,125,152,168,93.9,0.06,93.84,149,0,63.4,0.0,63.4,,
EMJA,2022-EMJA-WNR-027,WNR,6/23/22,1,O,1,3.391,3.242,0.000,"yes, MAS altered",RJ,,144,169,187,114.9,0.51,114.39,175,0,103.0,0.0,103.0,,
EMJA,2022-EMJA-WNR-028,WNR,7/6/22,1,O,1,3.490,2.981,0.000,"yes, MAS",RJ,,138,160,179,113.2,0.07,113.13,159,0,76.7,0.0,76.7,,
EMJA,2022-EMJA-WNR-029,WNR,7/6/22,1,T,2,3.586,3.586,2.907,"yes, MAS altered",RJ,,158,184,202,158.7,0.16,158.54,196,154,146.3,70.1,76.2,,
EMJA,2022-EMJA-WNR-030,WNR,7/6/22,1,O,1,3.381,2.813,0.000,"yes, MAS",RJ,,142,165,174,113.1,4.67,108.43,148,0,62.4,0.0,62.4,,
EMJA,2022-EMJA-WNR-031,WNR,7/6/22,1,O,1,3.436,2.922,0.000,"yes, MAS",RJ,,149,173,188,124.3,0.07,124.23,155,0,71.4,0.0,71.4,,
EMJA,2022-EMJA-WNR-032,WNR,7/6/22,1,O,1,3.492,3.077,0.000,"yes, MAS",RJ,,139,161,180,108.9,0.15,108.75,164,0,85.7,0.0,85.7,,
EMJA,2022-EMJA-WNR-033,WNR,7/6/22,1,T,1,3.484,3.043,0.000,"yes, MAS",RJ,,149,172,190,124.9,0.05,124.85,162,0,82.5,0.0,82.5,,
EMJA,2022-EMJA-WNR-034,WNR,7/6/22,2,O,1,3.397,2.841,0.000,"yes, MAS altered",RJ,,138,160,170,107.8,0.38,107.42,150,0,64.6,0.0,64.6,,
EMJA,2022-EMJA-WNR-035,WNR,7/6/22,1,O,1,3.606,3.178,0.000,"yes, MAS",RJ,,149,173,190,139.9,0.09,139.81,171,0,96.1,0.0,96.1,,
EMJA,2022-EMJA-WNR-036,WNR,7/6/22,2,O,2,3.832,3.588,2.666,"yes, MAS altered",RJ,,161,188,207,166.9,0.10,166.80,196,139,146.6,51.4,95.1,,
EMJA,2022-EMJA-WNR-037,WNR,7/6/22,2,O,1,3.555,3.182,0.000,"yes, MAS altered",RJ,,151,176,194,132.0,0.37,131.63,171,0,96.5,0.0,96.5,,
EMJA,2022-EMJA-WNR-038,WNR,7/6/22,2,O,2,3.512,3.171,0.000,"yes, MAS altered",RJ,,146,169,186,122.9,0.09,122.81,170,0,95.3,0.0,95.3,,
EMJA,2022-EMJA-WNR-039,WNR,7/6/22,3,O,3,4.048,3.849,3.477,"yes, MAS altered",RJ,,195,222,240,276.4,0.59,275.81,212,189,186.6,131.5,55.1,,
EMJA,2022-EMJA-WNR-040,WNR,7/6/22,3,O,2,3.896,3.476,2.729,"yes, MAS altered",RJ,,166,193,214,178.0,0.45,177.55,189,143,131.3,55.9,75.4,,
EMJA,2022-EMJA-WNR-041,WNR,8/9/22,2,O,1,3.666,3.037,0.000,"yes, MAS altered",RJ,,149,173,193,142.6,1.00,141.60,162,0,81.9,0.0,81.9,,
EMJA,2022-EMJA-WNR-042,WNR,8/9/22,2,O,2,3.754,3.403,2.716,"yes, MAS",RJ,,167,195,218,209.2,2.78,206.42,184,142,122.0,55.0,67.0,,
EMJA,2022-EMJA-WNR-043,WNR,8/9/22,1,T,1,3.556,3.088,0.000,"yes, MAS",RJ,,148,172,190,143.7,0.66,143.04,165,0,86.8,0.0,86.8,,
EMJA,2022-EMJA-WNR-044,WNR,8/16/22,1,T,1,3.544,3.150,0.000,"yes, MAS",RJ,,148,175,192,133.3,0.76,132.54,169,0,93.1,0.0,93.1,,
EMJA,2022-EMJA-WNR-045,WNR,8/16/22,1,T,1,3.535,3.000,0.000,"yes, MAS altered",RJ,,148,172,192,132.8,1.18,131.62,160,0,78.4,0.0,78.4,,
EMJA,2022-EMJA-WNR-046,WNR,8/16/22,2,O,1,3.504,3.069,0.000,"yes, MAS altered",RJ,,153,176,193,132.8,0.29,132.51,164,0,85.0,0.0,85.0,,
EMJA,2022-EMJA-WNR-047,WNR,8/16/22,1,O,1,3.361,2.801,0.000,"yes, MAS",RJ,,148,172,190,130.8,0.95,129.85,147,0,61.4,0.0,61.4,,
EMJA,2022-EMJA-WNR-048,WNR,8/16/22,2,O,1,3.398,3.328,3.020,"yes, MAS altered",RJ,,145,172,187,121.5,0.55,120.95,180,161,112.9,80.3,32.6,,
EMJA,2022-EMJA-WNR-049,WNR,8/16/22,2,O,1,3.226,3.107,2.712,"yes, MAS altered",RJ,,144,168,183,126.4,0.07,126.33,166,142,88.7,54.7,34.0,,
EMJA,2022-EMJA-WNR-050,WNR,8/16/22,4,O,4,4.380,4.136,3.878,"yes, MAS altered",RJ,,184,207,231,244.4,0.50,243.90,229,214,238.4,191.4,47.0,,
EMJA,2022-EMJA-WNR-051,WNR,8/17/22,2,O,1,3.557,2.976,0.000,"yes, MAS altered",RJ,,144,170,188,129.8,0.39,129.41,158,0,76.2,0.0,76.2,,
EMJA,2022-EMJA-WNR-052,WNR,8/17/22,1,O,1,3.459,3.084,0.000,"yes, MAS",RJ,,147,173,189,140.0,2.85,137.15,165,0,86.4,0.0,86.4,,
EMJA,2022-EMJA-WNR-053,WNR,8/17/22,1,O,1,3.542,3.024,0.000,"yes, MAS",RJ,,145,170,187,138.9,2.02,136.88,161,0,80.6,0.0,80.6,,
EMJA,2022-EMJA-WNR-054,WNR,8/17/22,3,O,3,4.268,3.924,3.458,"yes, MAS altered",RJ,,179,208,227,253.4,4.74,248.66,216,188,199.3,129.0,70.3,,
EMJA,2022-EMJA-WNR-055,WNR,8/17/22,2,O,1,3.656,3.474,3.007,"yes, MAS altered",RJ,,148,174,190,137.9,1.93,135.97,189,160,131.1,79.1,52.0,,
EMJA,2022-EMJA-WNR-056,WNR,8/17/22,1,O,1,3.454,3.006,0.000,"yes, MAS",RJ,,150,176,195,135.5,0.71,134.79,160,0,79.0,0.0,79.0,,
EMJA,2022-EMJA-WNR-057,WNR,8/17/22,4,O,4,4.133,3.925,3.647,"yes, MAS",RJ,,193,224,244,330.6,7.30,323.30,216,199,199.5,155.0,44.4,,
EMJA,2022-EMJA-WNR-058,WNR,8/17/22,4,O,4,4.248,4.021,3.743,"yes, MAS",RJ,,181,212,233,274.7,4.14,270.56,222,205,216.6,169.5,47.1,,
EMJA,2022-EMJA-WNR-059,WNR,8/17/22,2,T,1,3.684,3.253,0.000,"yes, MAS altered",RJ,,151,176,194,152.1,0.22,151.88,175,0,104.2,0.0,104.2,,
EMJA,2022-EMJA-WNR-060,WNR,8/17/22,2,O,1,3.458,2.924,0.000,"yes, MAS altered",RJ,,138,165,183,126.8,0.10,126.70,155,0,71.6,0.0,71.6,,
EMJA,2022-EMJA-WNR-061,WNR,8/17/22,1,O,1,3.378,2.761,0.000,"yes, MAS",RJ,,143,168,186,132.2,2.04,130.16,145,0,58.3,0.0,58.3,,
EMJA,2022-EMJA-WNR-062,WNR,8/17/22,2,O,1,3.460,2.927,0.000,"yes, MAS altered",RJ,,137,163,180,119.1,1.45,117.65,155,0,71.8,0.0,71.8,,
EMJA,2022-EMJA-WNR-063,WNR,8/17/22,1,T,1,3.410,3.037,0.000,"yes, MAS",RJ,,149,175,191,128.5,0.47,128.03,162,0,81.9,0.0,81.9,,
EMJA,2022-EMJA-WNR-064,WNR,8/17/22,3,O,3,3.905,3.555,3.077,"yes, MAS altered",RJ,,177,205,227,251.6,4.79,246.81,194,164,142.0,85.7,56.2,,
EMJA,2022-EMJA-WNR-065,WNR,8/17/22,2,O,2,3.675,3.300,2.524,"yes, MAS altered",RJ,,159,188,206,174.8,3.18,171.62,178,130,109.6,42.2,67.4,,
EMJA,2022-EMJA-WNR-066,WNR,8/17/22,0,O,0,2.538,0.000,0.000,"don't use, YOY",RJ,,100,120,130,38.7,0.05,38.65,,0,,,,,
EMJA,2022-EMJA-WNR-067,WNR,8/17/22,1,O,1,3.851,3.354,0.000,"yes, MAS altered",RJ,,153,178,197,158.3,2.42,155.88,181,0,116.0,0.0,116.0,,
EMJA,2022-EMJA-WNR-068,WNR,8/17/22,2,O,1,3.374,2.955,0.000,"yes, MAS altered",RJ,,136,162,177,110.6,0.34,110.26,157,0,74.3,0.0,74.3,,
EMJA,2022-EMJA-WNR-069,WNR,8/17/22,2,O,1,3.661,3.143,0.000,"yes, MAS altered",RJ,,156,183,200,162.7,2.21,160.49,168,0,92.4,0.0,92.4,,
EMJA,2022-EMJA-WNR-070,WNR,8/17/22,2,O,1,3.311,2.742,0.000,"yes, MAS altered",RJ,,129,153,167,99.0,0.08,98.92,144,0,56.9,0.0,56.9,,
EMJA,2022-EMJA-WNR-071,WNR,8/17/22,5,O,5,4.128,3.921,3.707,"yes, MAS",RJ,,184,215,237,290.9,3.83,287.07,216,203,198.8,164.0,34.8,,
EMJA,2022-EMJA-WNR-072,WNR,8/17/22,1,T,1,3.539,2.884,0.000,"yes, MAS altered",RJ,,141,165,180,125.1,0.56,124.54,153,0,68.2,0.0,68.2,,
EMJA,2022-EMJA-WNR-073,WNR,8/17/22,0,O,0,2.425,0.000,0.000,"don't use, YOY",RJ,,98,117,127,37.0,0.01,36.99,,0,,,,,
EMJA,2022-EMJA-WNR-074,WNR,9/1/22,2,O,1,3.525,3.006,0.000,"yes, MAS altered",RJ,,150,175,193,146.5,0.23,146.27,160,0,79.0,0.0,79.0,,
EMJA,2022-EMJA-WNR-075,WNR,9/1/22,1,T,1,3.649,3.193,0.000,"yes, MAS",RJ,,147,171,184,137.5,0.40,137.10,172,0,97.7,0.0,97.7,,
EMJA,2022-EMJA-WNR-076,WNR,9/14/22,2,O,1,3.357,2.805,0.000,"yes, MAS altered",RJ,,155,180,198,153.4,2.98,150.42,148,0,61.7,0.0,61.7,,
EMJA,2022-EMJA-WNR-077,WNR,9/14/22,2,O,1,3.510,2.817,0.000,"yes, MAS altered",RJ,,148,173,192,125.7,0.16,125.54,148,0,62.7,0.0,62.7,,
EMJA,2022-EMJA-WNR-078,WNR,9/14/22,2,O,1,3.628,3.093,0.000,"yes, MAS altered",RJ,,149,175,195,133.6,2.44,131.16,165,0,87.3,0.0,87.3,,
EMJA,2022-EMJA-WNR-079,WNR,9/14/22,0,O,0,2.667,0.000,0.000,"don't use, YOY",RJ,,98,119,130,38.7,0.01,38.69,,0,,,,,
EMJA,2022-EMJA-WNR-080,WNR,9/14/22,1,T,1,3.876,3.240,0.000,"yes, MAS altered",RJ,,153,181,199,170.6,1.61,168.99,174,0,102.8,0.0,102.8,,
EMJA,2022-EMJA-WNR-081,WNR,9/14/22,2,O,1,3.833,3.283,0.000,"yes, MAS altered",RJ,,141,166,185,128.1,1.88,126.22,177,0,107.6,0.0,107.6,,
EMJA,2022-EMJA-WNR-082,WNR,9/14/22,2,O,1,3.547,3.062,0.000,"yes, MAS altered",RJ,,143,164,182,122.0,0.30,121.70,163,0,84.3,0.0,84.3,,
EMJA,2022-EMJA-WNR-083,WNR,9/14/22,3,O,3,3.993,3.618,3.248,"yes, MAS altered",RJ,,176,205,225,250.0,0.34,249.66,198,175,150.8,103.7,47.1,,
EMJA,2022-EMJA-WNR-084,WNR,9/14/22,1,T,1,3.536,2.986,0.000,"yes, MAS altered",RJ,,144,172,189,129.4,1.90,127.50,159,0,77.1,0.0,77.1,,
EMJA,2022-EMJA-WNR-085,WNR,9/14/22,2,O,1,3.432,2.712,0.000,"yes, MAS altered",RJ,,151,175,196,141.0,2.05,138.95,142,0,54.7,0.0,54.7,,
EMJA,2022-EMJA-WNR-086,WNR,9/14/22,2,O,2,3.804,3.650,3.494,"don't use, poor structure",RJ,,153,179,197,152.7,0.26,152.44,,,,,,,
EMJA,2022-EMJA-WNR-087,WNR,9/28/22,0,T,0,2.959,0.000,0.000,"don't use, YOY",RJ,,117,135,144,63.4,1.34,62.06,,0,,,,,
EMJA,2022-EMJA-WNR-088,WNR,9/28/22,2,O,1,3.480,2.993,0.000,"yes, MAS altered",RJ,,150,174,190,117.7,0.47,117.23,159,0,77.8,0.0,77.8,,
EMJA,2022-EMJA-WNR-089,WNR,9/28/22,2,O,1,3.584,2.972,0.000,"yes, MAS altered",RJ,,155,183,200,150.9,2.12,148.78,158,0,75.8,0.0,75.8,,
EMJA,2022-EMJA-WNR-090,WNR,9/28/22,4,O,4,3.942,3.663,3.339,"don't use, poor structure",RJ,,185,210,232,256.5,0.38,256.12,,,,,,,
EMJA,2022-EMJA-WNR-091,WNR,9/28/22,2,O,1,3.696,3.141,0.000,"yes, MAS altered",RJ,,150,172,190,151.1,0.11,150.99,168,0,92.2,0.0,92.2,,
EMJA,2022-EMJA-WNR-092,WNR,9/28/22,3,O,3,4.214,3.947,3.426,"yes, MAS",RJ,,176,199,220,214.3,3.78,210.52,218,186,203.3,124.9,78.4,,
EMJA,2022-EMJA-WNR-093,WNR,9/28/22,2,T,3,3.878,3.362,2.493,"yes, MAS altered",RJ,,174,197,220,208.6,2.11,206.49,182,129,117.0,40.3,76.7,,
EMJA,2022-EMJA-WNR-094,WNR,9/28/22,2,O,1,3.353,2.854,0.000,"yes, MAS altered",RJ,,156,178,196,129.6,0.10,129.50,151,0,65.7,0.0,65.7,,
EMJA,2022-EMJA-WNR-095,WNR,9/28/22,1,T,1,3.532,3.025,0.000,"yes, MAS altered",RJ,,158,181,201,152.8,1.92,150.88,161,0,80.7,0.0,80.7,,
EMJA,2022-EMJA-WNR-096,WNR,9/28/22,2,O,1,3.446,2.777,0.000,"yes, MAS altered",RJ,,150,176,195,143.8,2.31,141.49,146,0,59.5,0.0,59.5,,
EMJA,2022-EMJA-WNR-097,WNR,9/28/22,2,O,1,3.704,3.066,0.000,"yes, MAS altered",RJ,,160,182,201,164.9,2.43,162.47,164,0,84.7,0.0,84.7,,
EMJA,2022-EMJA-WNR-098,WNR,9/28/22,0,T,0,2.883,0.000,0.000,"don't use, YOY",RJ,,121,140,153,64.5,0.62,63.88,,0,,,,,
EMJA,2022-EMJA-WNR-099,WNR,9/28/22,2,O,2,3.499,2.987,0.000,"yes, MAS altered",RJ,,151,175,192,142.4,2.50,139.90,159,0,77.2,0.0,77.2,,
EMJA,2022-EMJA-WNR-100,WNR,9/28/22,2,O,2,3.784,3.543,3.091,"yes, MAS altered",RJ,,166,189,207,179.5,2.99,176.51,193,165,140.3,87.1,53.2,,
EMJA,2022-EMJA-WNR-101,WNR,9/28/22,5,O,5,4.505,4.347,4.071,"yes, MAS",RJ,,193,218,240,288.1,4.31,283.79,242,225,282.2,225.9,56.3,,
EMJA,2022-EMJA-WNR-102,WNR,9/28/22,2,O,1,3.672,2.937,0.000,"yes, MAS altered",RJ,,153,178,197,140.9,2.23,138.67,156,0,72.7,0.0,72.7,,
EMJA,2022-EMJA-WNR-103,WNR,9/28/22,2,O,1,3.808,3.302,0.000,"yes, MAS altered",RJ,,162,186,205,163.9,0.38,163.52,178,0,109.8,0.0,109.8,,
EMJA,2022-EMJA-WNR-104,WNR,9/28/22,2,O,1,3.539,3.044,0.000,"yes, MAS altered",RJ,,149,171,190,133.1,1.94,131.16,162,0,82.5,0.0,82.5,,
EMJA,2022-EMJA-WNR-105,WNR,9/28/22,5,O,5,4.309,4.105,3.911,"yes, MAS",RJ,,191,220,247,300.7,6.66,294.04,228,216,232.4,197.1,35.4,,
EMJA,2022-EMJA-WNR-106,WNR,9/28/22,0,T,0,2.790,0.000,0.000,"don't use, YOY",MAS,,123,140,153,66.8,1.18,65.62,,0,,,,,
EMJA,2022-EMJA-WNR-107,WNR,9/28/22,4,O,4,4.060,3.872,3.704,"yes, MAS",RJ,,185,214,235,251.5,2.54,248.96,213,203,190.4,163.5,26.9,,
EMJA,2022-EMJA-WNR-108,WNR,9/28/22,4,O,4,4.221,3.884,3.707,"don't use, poor structure",RJ,,176,202,222,210.0,0.36,209.64,,,,,,,
EMJA,2022-EMJA-WNR-109,WNR,9/28/22,5,O,5,4.089,3.945,3.722,"don't use, poor structure",RJ,,176,203,223,225.7,3.49,222.21,,,,,,,
EMJA,2022-EMJA-WNR-110,WNR,9/28/22,2,O,1,3.599,2.977,0.000,"yes, MAS altered",RJ,,157,186,202,145.5,2.10,143.40,158,0,76.3,0.0,76.3,,
EMJA,2022-EMJA-WNR-111,WNR,9/28/22,3,O,2,3.880,3.363,2.670,"yes, MAS altered",RJ,,169,195,215,190.2,3.64,186.56,182,139,117.1,51.7,65.4,,