Species,Number,Site,date collected,complete increments,O/T,Age,D1 (mm) (to edge),D2 (mm),D3 (mm),otolith measurement check & comments,initial oto reader (initials),checker (initials),SL (mm),FL (mm),TL (mm),whole Body mass (g),gonad mass (g),somatic mass (g),Predicted TL 2022,Predicted TL 2021,Predicted Somatic Mass (g) 2022,Predicted Somatic Mass (g) 2021,Predicted growth 2021-2022 (g),,,,,,,,,,,,,,,,,,,,,,,,,,,
PACL,2022-PACL-BK-001,BK,5/25/22,8,O,8,4.883,4.796,4.629,"yes, MAS altered",KR,MAS,253,299,314,395.4,9.81,385.6,298,287,317.3,281.7,35.6,,,,,,,,,,,,,,,,,#NAME?,#NAME?,5.735,5.545,,,,,,,
PACL,2022-PACL-BK-002,BK,5/25/22,6,T,7,4.395,4.395,4.062,"yes, MAS altered",KR,MAS,232,276,287,285.4,3.26,282.1,271,249,236.4,181.0,55.5,,,,,,,,,,,,,,,,,0.022,6.0043256,6.097,5.982,,,,,,,
PACL,2022-PACL-BK-003,BK,5/25/22,5,T,6,5.402,5.402,4.836,"yes, MAS altered",KR,MAS,267,320,337,510.6,16.38,494.2,338,300,472.1,326.2,145.9,,,,,,,,,,,,,,,,,0.087,5.642904,5.730,5.556,,,,,,,
PACL,2022-PACL-BK-004,BK,5/25/22,4,O,4,4.220,4.181,3.960,"yes, MAS altered",KR,MAS,204,243,251,202.8,3.04,199.8,257,242,199.7,166.0,33.7,,,,,,,,,,,,,,,,,-0.006,4.7743104,4.848,4.780,,,,,,,
PACL,2022-PACL-BK-005,BK,5/25/22,5,T,6,4.855,4.849,4.626,"yes, MAS altered",KR,MAS,235,276,285,325.7,18.90,306.8,301,286,329.2,281.1,48.1,,,,,,,,,,,,,,,,,-0.003,5.1682304,5.248,5.171,,,,,,,
PACL,2022-PACL-BK-006,BK,5/25/22,9,T,10,5.621,5.508,5.303,"yes, MAS altered",KR,MAS,308,364,379,717.0,34.51,682.5,346,332,503.7,443.9,59.8,,,,,,,,,,,,,,,,,0.021,4.7132528,4.786,4.692,,,,,,,
PACL,2022-PACL-BK-007,BK,5/25/22,10,T,11,6.228,6.228,6.073,"yes, MAS altered",KR,MAS,310,371,385,823.8,42.64,781.2,394,383,756.2,695.9,60.3,,,,,,,,,,,,,,,,,-0.005,5.2479992,5.329,5.253,,,,,,,
PACL,2022-PACL-BK-008,BK,5/25/22,5,T,6,5.042,5.042,4.640,"yes, MAS altered",KR,MAS,282,329,342,466.8,15.12,451.7,314,287,375.2,283.9,91.2,,,,,,,,,,,,,,,,,-0.034,4.6472712,4.719,4.681,,,,,,,
PACL,2022-PACL-BK-009,BK,5/25/22,6,O,6,5.632,5.540,5.360,"yes, MAS altered",KR,MAS,264,313,323,476.2,9.44,466.8,348,336,513.4,460.0,53.4,,,,,,,,,,,,,,,,,0.004,4.9949056,5.072,4.991,,,,,,,
PACL,2022-PACL-BK-010,BK,5/25/22,9,T,10,6.098,5.716,5.320,"yes, MAS altered",KR,MAS,303,360,370,708.3,61.22,647.1,360,333,569.6,448.8,120.8,,,,,,,,,,,,,,,,,0.011,5.5395,5.625,5.529,,,,,,,
PACL,2022-PACL-BK-011,BK,5/25/22,9,O,9,5.265,5.173,4.980,"yes, MAS altered",KR,MAS,279,330,344,494.6,16.94,477.7,323,310,408.7,359.9,48.8,,,,,,,,,,,,,,,,,0.049,4.485764,4.555,4.437,,,,,,,
PACL,2022-PACL-BK-012,BK,5/25/22,14,O,14,6.119,6.018,5.835,"yes, MAS altered",KR,MAS,363,426,444,1381.6,100.69,1280.9,380,368,675.3,609.8,65.5,,,,,,,,,,,,,,,,,-0.012,4.62856,4.700,4.641,,,,,,,
PACL,2022-PACL-BK-013,BK,5/25/22,6,T,7,5.461,5.461,5.036,"yes, MAS altered",KR,MAS,270,324,336,527.1,22.68,504.4,342,314,489.5,373.7,115.8,,,,,,,,,,,,,,,,,-0.026,5.184972,5.265,5.211,,,,,,,
PACL,2022-PACL-BK-014,BK,6/8/22,5,T,6,4.721,4.721,4.223,"yes, MAS altered",KR,MAS,235,282,290,265.5,1.01,264.5,293,259,300.9,206.5,94.4,,,,,,,,,,,,,,,,,0.038,4.53008,4.600,4.492,,,,,,,
PACL,2022-PACL-BK-015,BK,6/8/22,7,T,8,4.937,4.937,4.740,"yes, MAS altered",KR,MAS,246,295,308,384.2,25.76,358.4,307,294,349.6,305.0,44.6,,,,,,,,,,,,,,,,,-0.054,4.9082432,4.984,4.962,,,,,,,
PACL,2022-PACL-BK-016,BK,6/8/22,6,T,7,4.749,4.749,4.498,"yes, MAS altered",KR,MAS,242,288,301,313.0,12.95,300.1,295,278,307.0,255.8,51.2,,,,,,,,,,,,,,,,,-0.027,4.8885472,4.964,4.916,,,,,,,
PACL,2022-PACL-BK-017,BK,6/8/22,6,T,7,4.694,4.694,4.397,"yes, MAS altered",KR,MAS,225,273,283,292.6,28.71,263.9,291,271,295.2,236.8,58.3,,,,,,,,,,,,,,,,,-0.073,5.8969824,5.988,5.970,,,,,,,
PACL,2022-PACL-BK-018,BK,6/8/22,2,T,3,3.666,3.666,3.298,"yes, MAS altered",KR,MAS,175,213,218,127.8,0.74,127.1,222,197,127.4,88.3,39.1,,,,,,,,,,,,,,,,,-0.082,5.0086928,5.086,5.091,,,,,,,
PACL,2022-PACL-BK-019,BK,6/8/22,3,O,3,4.401,4.390,3.977,"yes, MAS altered",KR,MAS,215,260,268,241.8,10.42,231.4,271,243,235.6,168.4,67.2,,,,,,,,,,,,,,,,,-0.010,5.2105768,5.291,5.221,,,,,,,
PACL,2022-PACL-BK-020,BK,6/8/22,2,T,3,3.258,3.258,2.900,"yes, MAS altered",KR,MAS,164,199,203,111.4,4.12,107.3,195,171,84.6,56.2,28.4,,,,,,,,,,,,,,,,,0.026,4.7034048,4.776,4.677,,,,,,,
PACL,2022-PACL-BK-021,BK,6/22/22,6,O,6,6.226,6.226,6.075,"yes, MAS altered",KR,MAS,291,344,355,595.4,27.85,567.6,394,384,755.4,696.6,58.7,,,,,,,,,,,,,,,,,-0.018,5.3169352,5.399,5.335,,,,,,,
PACL,2022-PACL-BK-022,BK,6/22/22,4,T,5,4.327,4.327,4.084,"yes, MAS altered",KR,MAS,220,262,272,272.3,18.15,254.2,266,250,224.3,184.3,40.0,,,,,,,,,,,,,,,,,-0.021,5.1485344,5.228,5.170,,,,,,,
PACL,2022-PACL-BK-023,BK,6/22/22,4,T,5,4.973,4.973,4.416,"yes, MAS altered",KR,MAS,251,295,308,383.6,18.66,364.9,310,272,358.3,240.3,118.0,,,,,,,,,,,,,,,,,#NAME?,,,,,,,,,,
PACL,2022-PACL-BK-024,BK,6/22/22,6,T,7,5.763,5.763,5.486,"yes, MAS altered",KR,MAS,308,364,375,711.4,44.38,667.0,363,344,585.2,497.0,88.2,,,,,,,,,,,,,,,,,,,,,,,,,,,
PACL,2022-PACL-BK-025,BK,6/22/22,6,T,7,5.709,5.709,5.481,"yes, MAS altered",KR,MAS,283,337,352,579.7,50.44,529.3,359,344,567.2,495.5,71.7,,,,,,,,,,,,,,,,,,,,,,,,,,,
PACL,2022-PACL-BK-026,BK,6/22/22,6,T,7,5.453,5.453,5.115,"yes, MAS altered",KR,MAS,265,310,320,409.3,18.57,390.7,342,319,487.1,393.6,93.5,,,,,,,,,,,,,,,,,,,,,,,,,,,
PACL,2022-PACL-BK-027,BK,6/22/22,9,T,10,5.872,5.872,5.719,"yes, MAS altered",KR,MAS,295,350,365,664.1,55.35,608.8,370,360,622.6,570.5,52.1,,,,,,,,,,,,,,,,,,,,,,,,,,,
PACL,2022-PACL-BK-028,BK,6/22/22,6,T,7,5.851,5.851,5.469,"yes, MAS altered",KR,MAS,303,362,375,705.8,39.36,666.4,369,343,615.3,491.9,123.4,,,,,,,,,,,,,,,,,,,,,,,,,,,
PACL,2022-PACL-BK-029,BK,6/22/22,5,T,6,5.316,5.316,5.041,"yes, MAS altered",KR,MAS,231,275,287,292.9,13.00,279.9,333,314,447.6,374.9,72.7,,,,,,,,,,,,,,,,,,,,,,,,,,,
PACL,2022-PACL-BK-030,BK,6/22/22,9,T,10,5.466,5.466,5.261,"yes, MAS altered",KR,MAS,312,371,385,710.8,34.55,676.3,343,329,491.0,432.3,58.6,,,,,,,,,,,,,,,,,,,,,,,,,,,
PACL,2022-PACL-BK-031,BK,6/22/22,6,T,7,5.804,5.804,5.430,"yes, MAS altered",KR,MAS,274,325,337,524.2,21.17,503.0,365,340,599.1,480.3,118.8,,,,,,,,,,,,,,,,,,,,,,,,,,,
PACL,2022-PACL-BK-032,BK,6/22/22,4,T,5,5.457,5.457,4.835,"yes, MAS altered",KR,MAS,275,325,340,498.2,23.22,475.0,342,300,488.3,326.0,162.3,,,,,,,,,,,,,,,,,,,,,,,,,,,
PACL,2022-PACL-BK-033,BK,6/22/22,,,,,,,"don't use, deformed",KR,MAS,257,309,320,477.0,20.28,456.7,,0,,,,,,,,,,,,,,,,,,,,,,,,,,,,,,
PACL,2022-PACL-BK-034,BK,6/22/22,7,T,8,5.668,5.668,5.406,"yes, MAS altered",KR,MAS,287,342,359,536.3,21.96,514.3,356,339,553.8,473.3,80.5,,,,,,,,,,,,,,,,,,,,,,,,,,,
PACL,2022-PACL-BK-035,BK,6/22/22,3,T,4,5.142,5.142,4.385,"yes, MAS altered",KR,MAS,257,305,317,436.7,16.37,420.3,321,270,400.6,234.6,166.0,,,,,,,,,,,,,,,,,5.545,5.735,,,,,,,,,
PACL,2022-PACL-BK-036,BK,6/22/22,,,,,,,,KR,MAS,262,309,327,394.6,16.17,378.4,,0,,,,,,,,,,,,,,,,,,,,5.982,6.097,,,,,,,,,
PACL,2022-PACL-BK-037,BK,6/22/22,,,,,,,,KR,MAS,284,334,346,547.1,29.57,517.5,,0,,,,,,,,,,,,,,,,,,,,5.556,5.730,,,,,,,,,
PACL,2022-PACL-BK-038,BK,6/22/22,,,,,,,,KR,MAS,240,285,296,312.4,9.49,302.9,,0,,,,,,,,,,,,,,,,,,,,4.780,4.848,,,,,,,,,
PACL,2022-PACL-BK-039,BK,6/22/22,,,,,,,,KR,MAS,285,339,354,505.8,21.00,484.8,,0,,,,,,,,,,,,,,,,,,,,5.171,5.248,,,,,,,,,
PACL,2022-PACL-BK-040,BK,6/22/22,,,,,,,,KR,MAS,269,319,331,453.2,12.90,440.3,,0,,,,,,,,,,,,,,,,,,,,4.692,4.786,,,,,,,,,
PACL,2022-PACL-BK-041,BK,6/22/22,,,,,,,,KR,MAS,267,318,334,449.1,20.30,428.8,,0,,,,,,,,,,,,,,,,,,,,5.253,5.329,,,,,,,,,
PACL,2022-PACL-BK-042,BK,6/22/22,,,,,,,,KR,MAS,303,359,371,694.0,25.83,668.2,,0,,,,,,,,,,,,,,,,,,,,4.681,4.719,,,,,,,,,
PACL,2022-PACL-BK-043,BK,6/22/22,,,,,,,,KR,MAS,250,298,311,422.2,30.42,391.8,,0,,,,,,,,,,,,,,,,,,,,4.991,5.072,,,,,,,,,
PACL,2022-PACL-BK-044,BK,6/22/22,,,,,,,,KR,MAS,323,382,395,897.1,72.03,825.1,,0,,,,,,,,,,,,,,,,,,,,5.529,5.625,,,,,,,,,
PACL,2022-PACL-BK-045,BK,7/7/22,7,T,8,5.545,5.545,5.223,"yes, MAS altered",KR,MAS,265,316,329,464.2,26.30,437.9,348,326,515.0,422.0,92.9,,,,,,,,,,,,,,,,,4.437,4.555,,,,,,,,,
PACL,2022-PACL-BK-046,BK,7/7/22,8,O,8,5.982,5.896,5.607,"yes, MAS altered",KR,MAS,298,359,373,689.9,33.68,656.2,372,352,631.1,534.3,96.8,,,,,,,,,,,,,,,,,4.641,4.700,,,,,,,,,
PACL,2022-PACL-BK-047,BK,7/7/22,5,T,6,5.556,5.556,4.888,"yes, MAS altered",KR,MAS,243,291,303,373.8,19.37,354.4,349,304,518.4,338.2,180.2,,,,,,,,,,,,,,,,,5.211,5.265,,,,,,,,,
PACL,2022-PACL-BK-048,BK,7/7/22,7,T,8,5.327,5.327,5.193,"yes, MAS altered",KR,MAS,262,313,328,454.2,29.68,424.5,333,324,450.7,414.0,36.7,,,,,,,,,,,,,,,,,4.492,4.600,,,,,,,,,
PACL,2022-PACL-BK-049,BK,7/7/22,5,T,6,5.333,5.333,5.059,"yes, MAS altered",KR,MAS,236,282,295,313.3,15.56,297.7,334,315,452.4,379.4,73.0,,,,,,,,,,,,,,,,,4.962,4.984,,,,,,,,,
PACL,2022-PACL-BK-050,BK,7/7/22,4,T,5,4.691,4.691,4.332,"yes, MAS altered",KR,MAS,218,261,270,253.7,11.49,242.2,291,267,294.5,225.2,69.4,,,,,,,,,,,,,,,,,4.916,4.964,,,,,,,,,
PACL,2022-PACL-BK-051,BK,7/7/22,5,T,6,4.780,4.780,4.553,"yes, MAS altered",KR,MAS,248,296,310,371.4,24.47,346.9,297,282,313.7,266.4,47.4,,,,,,,,,,,,,,,,,5.970,5.988,,,,,,,,,
PACL,2022-PACL-BK-052,BK,7/7/22,7,T,8,5.171,5.171,4.970,"yes, MAS altered",KR,MAS,240,289,301,390.6,23.20,367.4,323,309,408.2,357.5,50.6,,,,,,,,,,,,,,,,,5.091,5.086,,,,,,,,,
PACL,2022-PACL-BK-053,BK,7/7/22,5,T,6,5.102,5.102,4.866,"yes, MAS altered",KR,MAS,235,282,293,305.1,16.93,288.2,318,303,390.3,333.1,57.2,,,,,,,,,,,,,,,,,5.221,5.291,,,,,,,,,
PACL,2022-PACL-BK-054,BK,7/7/22,7,O,7,4.890,4.761,4.295,"yes, MAS altered",KR,MAS,269,318,330,407.5,17.17,390.3,295,264,309.6,218.7,90.9,,,,,,,,,,,,,,,,,4.677,4.776,,,,,,,,,
PACL,2022-PACL-BK-055,BK,7/7/22,4,T,5,4.692,4.692,4.382,"yes, MAS altered",KR,MAS,220,264,275,244.7,1.26,243.4,291,270,294.8,234.1,60.7,,,,,,,,,,,,,,,,,5.335,5.399,,,,,,,,,
PACL,2022-PACL-BK-056,BK,7/7/22,8,T,9,5.938,5.938,5.304,"yes, MAS altered",KR,MAS,298,359,365,694.3,31.40,662.9,374,332,646.1,444.2,201.8,,,,,,,,,,,,,,,,,5.170,5.228,,,,,,,,,
PACL,2022-PACL-BK-057,BK,7/7/22,3,O,3,3.192,3.007,2.634,"yes, MAS altered",KR,MAS,152,184,190,75.6,0.06,75.5,178,153,63.9,39.9,24.0,,,,,,,,,,,,,,,,,,,,,,,,,,,
PACL,2022-PACL-BK-058,BK,7/20/22,5,T,6,5.253,5.253,4.894,"yes, MAS altered",KR,MAS,235,287,296,369.6,21.89,347.7,328,304,430.2,339.6,90.6,,,,,,,,,,,,,,,,,,,,,,,,,,,
PACL,2022-PACL-BK-059,BK,7/20/22,5,T,6,5.244,5.244,5.011,"yes, MAS altered",KR,MAS,253,311,323,451.6,25.36,426.2,328,312,427.7,367.5,60.2,,,,,,,,,,,,,,,,,,,,,,,,,,,
PACL,2022-PACL-BK-060,BK,7/20/22,4,T,5,4.681,4.681,4.159,"yes, MAS altered",KR,MAS,223,271,282,251.7,7.80,243.9,290,255,292.4,196.1,96.3,,,,,,,,,,,,,,,,,,,,,,,,,,,
PACL,2022-PACL-BK-061,BK,7/20/22,5,T,6,4.991,4.991,4.725,"yes, MAS altered",KR,MAS,255,307,318,422.3,26.70,395.6,311,293,362.6,301.8,60.8,,,,,,,,,,,,,,,,,,,,,,,,,,,
PACL,2022-PACL-BK-062,BK,7/20/22,5,T,6,4.950,4.950,4.655,"yes, MAS altered",KR,MAS,223,269,279,260.8,14.21,246.6,308,288,352.7,287.0,65.7,,,,,,,,,,,,,,,,,,,,,,,,,,,
PACL,2022-PACL-BK-063,BK,7/20/22,,,,,,,"don't use, poor structure",KR,MAS,368,437,464,1314.4,89.15,1225.3,,0,,,,,,,,,,,,,,,,,,,,,,,,,,,,,,
PACL,2022-PACL-BK-064,BK,7/20/22,6,O,6,5.529,5.392,4.826,"yes, MAS altered",KR,MAS,254,306,323,435.0,30.79,404.2,338,300,469.2,324.0,145.3,,,,,,,,,,,,,,,,,,,,,,,,,,,
PACL,2022-PACL-BK-065,BK,7/20/22,4,T,5,4.437,4.437,3.821,"yes, MAS altered",KR,MAS,222,267,277,272.8,20.41,252.4,274,232,244.2,146.9,97.3,,,,,,,,,,,,,,,,,,,,,,,,,,,
PACL,2022-PACL-BK-066,BK,7/20/22,4,O,4,4.885,4.903,4.793,"don't use, deformed",KR,MAS,218,265,277,298.6,8.97,289.6,,,,,,,,,,,,,,,,,,,,,,,,,,,,,,,,
PACL,2022-PACL-BK-067,BK,7/20/22,5,T,6,4.641,4.641,4.453,"yes, MAS altered",KR,MAS,213,258,267,287.6,26.28,261.3,287,275,284.1,247.2,37.0,,,,,,,,,,,,,,,,,,,,,,,,,,,
PACL,2022-PACL-BK-068,BK,7/20/22,5,T,6,5.211,5.211,4.870,"yes, MAS altered",KR,MAS,250,300,314,416.1,30.88,385.2,326,303,418.8,334.0,84.8,,,,,,,,,,,,,,,,,,,,,,,,,,,
PACL,2022-PACL-BK-069,BK,7/20/22,5,O,5,5.025,4.760,4.223,"yes, MAS altered",KR,MAS,222,265,275,261.2,16.29,244.9,295,259,309.4,206.5,102.8,,,,,,,,,,,,,,,,,,,,,,,,,,,
PACL,2022-PACL-BK-070,BK,7/20/22,5,O,5,5.182,5.029,4.780,"yes, MAS altered",KR,MAS,276,332,344,523.1,30.54,492.6,313,297,371.9,313.7,58.2,,,,,,,,,,,,,,,,,,,,,,,,,,,
PACL,2022-PACL-BK-071,BK,7/20/22,4,T,5,4.887,4.887,4.554,"yes, MAS altered",KR,MAS,236,284,296,327.4,17.30,310.1,304,282,337.9,266.6,71.3,,,,,,,,,,,,,,,,,,,,,,,,,,,
PACL,2022-PACL-BK-072,BK,7/20/22,,,,,,,"don't use, no otoliths",KR,MAS,256,306,323,450.4,21.19,429.2,,0,,,,,,,,,,,,,,,,,,,,,,,,,,,,,,
PACL,2022-PACL-BK-073,BK,7/20/22,6,T,7,4.763,4.763,4.445,"yes, MAS altered",KR,MAS,233,277,290,322.9,24.52,298.4,296,274,310.0,245.7,64.4,,,,,,,,,,,,,,,,,,,,,,,,,,,
PACL,2022-PACL-BK-074,BK,7/20/22,8,T,9,5.109,5.109,5.006,"yes, MAS altered",KR,MAS,255,305,315,401.4,21.60,379.8,319,312,392.1,366.3,25.8,,,,,,,,,,,,,,,,,,,,,,,,,,,
PACL,2022-PACL-BK-075,BK,7/20/22,6,T,7,5.123,5.123,4.829,"yes, MAS altered",KR,MAS,224,268,279,271.0,12.28,258.7,320,300,395.7,324.7,71.0,,,,,,,,,,,,,,,,,,,,,,,,,,,
PACL,2022-PACL-BK-076,BK,7/20/22,,,,,,,,KR,MAS,267,319,331,458.8,23.59,435.2,,0,,,,,,,,,,,,,,,,,,,,,,,,,,,,,,
PACL,2022-PACL-BK-077,BK,7/20/22,,,,,,,,KR,MAS,241,287,299,371.2,22.45,348.8,,0,,,,,,,,,,,,,,,,,,,,,,,,,,,,,,
PACL,2022-PACL-BK-078,BK,7/20/22,,,,,,,,KR,MAS,213,257,268,222.1,11.20,210.9,,0,,,,,,,,,,,,,,,,,,,,,,,,,,,,,,
PACL,2022-PACL-BK-079,BK,7/20/22,,,,,,,,KR,MAS,266,318,332,452.7,20.45,432.3,,0,,,,,,,,,,,,,,,,,,,,,,,,,,,,,,
PACL,2022-PACL-BK-080,BK,8/3/22,7,T,8,5.803,5.803,5.344,"yes, MAS altered",KR,MAS,272,326,339,537.3,21.44,515.9,365,335,598.8,455.5,143.3,,,,,,,,,,,,,,,,,,,,,,,,,,,
PACL,2022-PACL-BK-081,BK,8/3/22,,,,,,,"don't use, poor structure",KR,MAS,252,300,313,434.0,11.05,423.0,,0,,,,,,,,,,,,,,,,,,,,,,,,,,,,,,
PACL,2022-PACL-BK-082,BK,8/3/22,6,O,6,4.784,4.784,4.371,"yes, MAS altered",KR,MAS,272,325,339,541.2,39.45,501.8,297,269,314.6,232.1,82.5,,,,,,,,,,,,,,,,,,,,,,,,,,,
PACL,2022-PACL-BK-083,BK,8/3/22,6,T,7,5.364,5.364,4.956,"yes, MAS altered",KR,MAS,294,354,365,613.7,19.05,594.7,336,309,461.2,354.2,107.0,,,,,,,,,,,,,,,,,,,,,,,,,,,
PACL,2022-PACL-BK-084,BK,8/3/22,6,O,6,5.151,5.064,4.655,"yes, MAS altered",KR,MAS,248,296,308,349.3,10.25,339.1,316,288,380.7,287.0,93.6,,,,,,,,,,,,,,,,,,,,,,,,,,,
PACL,2022-PACL-BK-085,BK,8/3/22,3,T,4,4.888,4.888,4.335,"yes, MAS",KR,MAS,244,305,319,409.1,9.60,399.5,304,267,338.2,225.7,112.5,,,,,,,,,,,,,,,,,,,,,,,,,,,
PACL,2022-PACL-BK-086,BK,8/3/22,8,T,9,5.302,5.302,5.004,"yes, MAS altered",KR,MAS,265,315,330,408.7,16.92,391.8,332,312,443.7,365.8,77.9,,,,,,,,,,,,,,,,,,,,,,,,,,,
PACL,2022-PACL-BK-087,BK,8/3/22,5,O,5,4.879,4.718,4.313,"yes, MAS altered",KR,MAS,212,259,269,255.3,8.00,247.3,293,265,300.3,221.8,78.4,,,,,,,,,,,,,,,,,,,,,,,,,,,
PACL,2022-PACL-BK-088,BK,8/3/22,8,T,9,5.625,5.625,5.439,"yes, MAS altered",KR,MAS,265,320,333,449.1,13.72,435.4,353,341,540.0,483.0,57.1,,,,,,,,,,,,,,,,,,,,,,,,,,,
PACL,2022-PACL-BK-089,BK,8/3/22,5,T,6,4.570,4.570,4.067,"yes, MAS",KR,MAS,239,289,302,353.0,9.20,343.8,283,249,269.7,181.7,88.0,,,,,,,,,,,,,,,,,,,,,,,,,,,
PACL,2022-PACL-BK-090,BK,8/3/22,6,T,7,5.109,5.109,4.986,"yes, MAS altered",KR,MAS,252,305,316,398.7,7.14,391.6,319,311,392.1,361.4,30.7,,,,,,,,,,,,,,,,,,,,,,,,,,,
PACL,2022-PACL-BK-091,BK,8/3/22,4,T,5,4.916,4.916,4.350,"yes, MAS altered",KR,MAS,244,292,305,337.3,10.46,326.8,306,268,344.7,228.4,116.3,,,,,,,,,,,,,,,,,,,,,,,,,,,
PACL,2022-PACL-BK-092,BK,8/3/22,6,T,7,5.647,5.647,5.350,"yes, MAS altered",KR,MAS,285,341,359,612.3,19.19,593.1,355,335,547.1,457.2,89.9,,,,,,,,,,,,,,,,,,,,,,,,,,,
PACL,2022-PACL-BK-093,BK,8/3/22,6,T,7,4.890,4.890,4.298,"yes, MAS altered",KR,MAS,280,335,349,565.2,21.15,544.1,304,264,338.6,219.2,119.4,,,,,,,,,,,,,,,,,,,,,,,,,,,
PACL,2022-PACL-BK-094,BK,8/3/22,6,T,7,5.605,5.605,5.385,"yes, MAS altered",KR,MAS,270,325,340,552.4,23.24,529.2,352,337,533.7,467.2,66.5,,,,,,,,,,,,,,,,,,,,,,,,,,,
PACL,2022-PACL-BK-095,BK,8/3/22,5,T,6,5.391,5.391,5.015,"yes, MAS altered",KR,MAS,251,302,314,407.5,16.53,391.0,338,313,469.0,368.5,100.5,,,,,,,,,,,,,,,,,,,,,,,,,,,
PACL,2022-PACL-BK-096,BK,8/3/22,5,T,6,5.025,5.025,4.861,"yes, MAS altered",KR,MAS,260,314,323,450.1,12.20,437.9,313,302,370.9,331.9,39.0,,,,,,,,,,,,,,,,,,,,,,,,,,,
PACL,2022-PACL-BK-097,BK,8/3/22,5,T,6,5.325,5.325,5.040,"yes, MAS altered",KR,MAS,261,319,334,456.3,14.71,441.6,333,314,450.1,374.7,75.5,,,,,,,,,,,,,,,,,,,,,,,,,,,
PACL,2022-PACL-BK-098,BK,8/3/22,6,T,7,5.370,5.370,5.065,"yes, MAS altered",KR,MAS,261,317,334,416.1,11.35,404.8,336,316,462.9,380.9,82.0,,,,,,,,,,,,,,,,,,,,,,,,,,,
PACL,2022-PACL-BK-099,BK,8/3/22,,,,,,,,KR,MAS,241,291,304,360.4,11.67,348.7,,0,,,,,,,,,,,,,,,,,,,,,,,,,,,,,,
PACL,2022-PACL-BK-100,BK,8/3/22,,,,,,,,KR,MAS,249,301,314,391.4,11.04,380.4,,0,,,,,,,,,,,,,,,,,,,,,,,,,,,,,,
PACL,2022-PACL-BK-101,BK,8/3/22,,,,,,,,KR,MAS,253,304,320,406.7,10.79,395.9,,0,,,,,,,,,,,,,,,,,,,,,,,,,,,,,,
PACL,2022-PACL-BK-102,BK,8/3/22,,,,,,,,KR,MAS,294,352,379,591.3,15.84,575.5,,0,,,,,,,,,,,,,,,,,,,,,,,,,,,,,,
PACL,2022-PACL-BK-103,BK,8/3/22,,,,,,,,KR,MAS,281,334,348,523.6,23.14,500.5,,0,,,,,,,,,,,,,,,,,,,,,,,,,,,,,,
PACL,2022-PACL-BK-104,BK,8/3/22,,,,,,,,KR,MAS,233,285,293,345.3,6.92,338.4,,0,,,,,,,,,,,,,,,,,,,,,,,,,,,,,,
PACL,2022-PACL-BK-105,BK,8/10/22,3,T,4,4.510,4.510,4.069,"yes, MAS altered",KR,MAS,211,258,263,212.8,6.54,206.3,279,249,258.0,182.0,76.0,,,,,,,,,,,,,,,,,,,,,,,,,,,
PACL,2022-PACL-BK-106,BK,8/10/22,3,T,4,4.573,4.573,4.217,"yes, MAS altered",KR,MAS,203,244,257,207.3,7.87,199.4,283,259,270.3,205.5,64.8,,,,,,,,,,,,,,,,,,,,,,,,,,,
PACL,2022-PACL-BK-107,BK,8/10/22,7,T,8,4.770,4.770,4.547,"yes, MAS altered",KR,MAS,239,284,296,320.4,15.61,304.8,296,281,311.5,265.2,46.3,,,,,,,,,,,,,,,,,,,,,,,,,,,
PACL,2022-PACL-BK-108,BK,8/10/22,3,T,4,4.120,4.120,3.934,"yes, MAS altered",KR,MAS,201,244,253,199.4,9.17,190.2,252,240,189.9,162.3,27.7,,,,,,,,,,,,,,,,,,,,,,,,,,,
PACL,2022-PACL-BK-109,BK,8/10/22,6,T,7,4.350,4.350,4.199,"yes, MAS altered",KR,MAS,220,263,274,266.6,16.12,250.5,268,258,228.4,202.6,25.8,,,,,,,,,,,,,,,,,,,,,,,,,,,
PACL,2022-PACL-BK-110,BK,8/10/22,7,T,8,4.821,4.821,4.626,"yes, MAS altered",KR,MAS,235,282,293,266.8,13.10,253.7,299,286,322.9,281.0,41.8,,,,,,,,,,,,,,,,,,,,,,,,,,,
PACL,2022-PACL-BK-111,BK,8/10/22,9,T,10,5.260,5.260,5.031,"yes, MAS altered",KR,MAS,250,301,317,374.9,18.28,356.6,329,314,432.1,372.4,59.7,,,,,,,,,,,,,,,,,,,,,,,,,,,
PACL,2022-PACL-BK-112,BK,8/10/22,3,T,4,4.121,4.121,3.915,"yes, MAS altered",KR,MAS,213,256,266,205.1,7.91,197.2,253,239,190.1,159.6,30.5,,,,,,,,,,,,,,,,,,,,,,,,,,,
PACL,2022-PACL-BK-113,BK,8/17/22,3,T,4,4.156,4.156,3.881,"yes, MAS altered",KR,MAS,224,250,260,221.4,7.18,214.2,255,236,195.6,154.9,40.7,,,,,,,,,,,,,,,,,,,,,,,,,,,
PACL,2022-PACL-BK-114,BK,8/17/22,3,O,3,4.571,,,"don't use, poor structure",KR,MAS,220,267,280,232.9,4.87,228.0,,0,,,,,,,,,,,,,,,,,,,,,,,,,,,,,,
PACL,2022-PACL-BK-115,BK,8/17/22,7,T,8,4.865,4.865,4.655,"yes, MAS altered",KR,MAS,250,299,312,386.7,8.68,378.0,302,288,332.9,287.0,45.8,,,,,,,,,,,,,,,,,,,,,,,,,,,
PACL,2022-PACL-BK-116,BK,8/17/22,5,T,6,5.185,5.185,4.988,"yes, MAS altered",KR,MAS,264,318,330,412.0,15.17,396.8,324,311,411.9,361.9,50.0,,,,,,,,,,,,,,,,,,,,,,,,,,,
PACL,2022-PACL-BK-117,BK,8/17/22,8,T,9,5.063,5.063,4.927,"yes, MAS altered",KR,MAS,245,294,306,337.7,17.20,320.5,316,307,380.4,347.3,33.1,,,,,,,,,,,,,,,,,,,,,,,,,,,
PACL,2022-PACL-BK-118,BK,8/17/22,6,O,6,4.911,4.814,4.403,"yes, MAS altered",KR,MAS,240,287,298,226.5,9.17,217.3,299,271,321.3,237.9,83.4,,,,,,,,,,,,,,,,,,,,,,,,,,,
PACL,2022-PACL-BK-119,BK,8/17/22,,,,,,,"don't use, poor structure",KR,MAS,253,303,315,390.1,8.70,381.4,,0,,,,,,,,,,,,,,,,,,,,,,,,,,,,,,
PACL,2022-PACL-BK-120,BK,8/17/22,7,O,7,5.260,5.101,4.773,"yes, MAS altered",KR,MAS,249,297,313,390.2,12.77,377.4,318,296,390.0,312.2,77.8,,,,,,,,,,,,,,,,,,,,,,,,,,,
PACL,2022-PACL-BK-121,BK,8/17/22,7,O,7,4.960,4.794,4.375,"yes, MAS altered",KR,MAS,253,305,315,370.6,5.93,364.7,298,270,316.8,232.8,84.0,,,,,,,,,,,,,,,,,,,,,,,,,,,
PACL,2022-PACL-BK-122,BK,8/17/22,7,T,8,5.042,5.042,4.849,"yes, MAS altered",KR,MAS,259,312,323,449.5,11.42,438.1,314,301,375.2,329.2,46.0,,,,,,,,,,,,,,,,,,,,,,,,,,,
PACL,2022-PACL-BK-123,BK,8/17/22,5,O,5,5.152,5.091,4.490,"yes, MAS altered",KR,MAS,250,298,312,376.5,11.40,365.1,318,277,387.5,254.2,133.3,,,,,,,,,,,,,,,,,,,,,,,,,,,
PACL,2022-PACL-BK-124,BK,8/17/22,5,O,5,4.379,4.289,3.850,"yes, MAS altered",KR,MAS,230,277,293,313.5,9.79,303.7,264,234,217.7,150.7,67.0,,,,,,,,,,,,,,,,,,,,,,,,,,,
PACL,2022-PACL-BK-125,BK,8/17/22,,,,,,,,KR,MAS,293,352,373,641.1,34.45,606.7,,0,,,,,,,,,,,,,,,,,,,,,,,,,,,,,,
PACL,2022-PACL-BK-126,BK,8/17/22,,,,,,,,KR,MAS,269,322,337,480.0,16.49,463.5,,0,,,,,,,,,,,,,,,,,,,,,,,,,,,,,,
PACL,2022-PACL-BK-127,BK,8/17/22,,,,,,,,KR,MAS,240,290,300,327.0,6.39,320.6,,0,,,,,,,,,,,,,,,,,,,,,,,,,,,,,,
PACL,2022-PACL-BK-128,BK,8/17/22,,,,,,,,KR,MAS,225,272,281,278.5,8.28,270.2,,0,,,,,,,,,,,,,,,,,,,,,,,,,,,,,,
PACL,2022-PACL-BK-129,BK,8/17/22,,,,,,,,KR,MAS,284,339,352,604.8,44.05,560.8,,0,,,,,,,,,,,,,,,,,,,,,,,,,,,,,,
PACL,2022-PACL-BK-130,BK,8/17/22,,,,,,,,KR,MAS,270,324,336,534.7,15.19,519.5,,0,,,,,,,,,,,,,,,,,,,,,,,,,,,,,,
PACL,2022-PACL-BK-131,BK,8/17/22,,,,,,,,KR,MAS,269,316,331,458.7,27.57,431.1,,0,,,,,,,,,,,,,,,,,,,,,,,,,,,,,,
PACL,2022-PACL-BK-132,BK,8/17/22,,,,,,,,KR,MAS,279,331,342,481.2,17.24,464.0,,0,,,,,,,,,,,,,,,,,,,,,,,,,,,,,,
PACL,2022-PACL-BK-133,BK,8/17/22,,,,,,,,KR,MAS,250,302,314,375.3,13.90,361.4,,0,,,,,,,,,,,,,,,,,,,,,,,,,,,,,,
PACL,2022-PACL-BK-134,BK,8/17/22,,,,,,,,KR,MAS,259,307,320,404.0,13.82,390.2,,0,,,,,,,,,,,,,,,,,,,,,,,,,,,,,,
PACL,2022-PACL-BK-135,BK,8/17/22,,,,,,,,KR,MAS,250,308,317,398.5,17.83,380.7,,0,,,,,,,,,,,,,,,,,,,,,,,,,,,,,,
PACL,2022-PACL-BK-136,BK,8/17/22,,,,,,,,KR,MAS,245,294,305,381.2,15.26,365.9,,0,,,,,,,,,,,,,,,,,,,,,,,,,,,,,,
PACL,2022-PACL-BK-137,BK,8/17/22,,,,,,,,KR,MAS,269,325,338,518.2,16.30,501.9,,0,,,,,,,,,,,,,,,,,,,,,,,,,,,,,,
PACL,2022-PACL-BK-138,BK,8/17/22,,,,,,,,KR,MAS,327,397,401,924.8,45.18,879.6,,0,,,,,,,,,,,,,,,,,,,,,,,,,,,,,,
PACL,2022-PACL-BK-139,BK,8/17/22,,,,,,,,KR,MAS,290,349,365,704.1,14.91,689.2,,0,,,,,,,,,,,,,,,,,,,,,,,,,,,,,,
PACL,2022-PACL-BK-140,BK,8/17/22,,,,,,,,KR,MAS,260,318,330,428.7,13.78,414.9,,0,,,,,,,,,,,,,,,,,,,,,,,,,,,,,,
PACL,2022-PACL-BK-141,BK,8/17/22,,,,,,,,KR,MAS,285,339,350,512.5,18.71,493.8,,0,,,,,,,,,,,,,,,,,,,,,,,,,,,,,,
PACL,2022-PACL-BK-142,BK,8/17/22,,,,,,,,KR,MAS,274,329,340,529.6,17.48,512.1,,0,,,,,,,,,,,,,,,,,,,,,,,,,,,,,,
PACL,2022-PACL-BK-143,BK,8/17/22,,,,,,,,KR,MAS,250,300,315,346.2,14.87,331.3,,0,,,,,,,,,,,,,,,,,,,,,,,,,,,,,,
PACL,2022-PACL-BK-144,BK,8/30/22,,,,,,,,KR,MAS,235,283,292,267.3,0.95,266.4,,0,,,,,,,,,,,,,,,,,,,,,,,,,,,,,,
PACL,2022-PACL-BK-145,BK,8/30/22,,,,,,,,KR,MAS,286,339,346,544.2,11.89,532.3,,0,,,,,,,,,,,,,,,,,,,,,,,,,,,,,,
PACL,2022-PACL-BK-146,BK,8/30/22,,,,,,,,KR,MAS,227,275,284,269.9,10.07,259.8,,0,,,,,,,,,,,,,,,,,,,,,,,,,,,,,,
PACL,2022-PACL-BK-147,BK,8/30/22,,,,,,,,KR,MAS,174,210,217,105.1,1.09,104.0,,0,,,,,,,,,,,,,,,,,,,,,,,,,,,,,,
PACL,2022-PACL-BK-148,BK,8/30/22,,,,,,,,KR,MAS,205,247,259,180.6,2.19,178.4,,0,,,,,,,,,,,,,,,,,,,,,,,,,,,,,,
PACL,2022-PACL-BK-149,BK,9/13/22,,,,,,,,KR,MAS,254,305,315,340.4,7.22,333.2,,0,,,,,,,,,,,,,,,,,,,,,,,,,,,,,,
PACL,2022-PACL-BK-150,BK,9/13/22,,,,,,,,KR,MAS,216,259,269,186.2,2.05,184.2,,0,,,,,,,,,,,,,,,,,,,,,,,,,,,,,,
PACL,2022-PACL-BK-151,BK,9/13/22,,,,,,,,KR,MAS,166,201,207,90.0,0.20,89.8,,0,,,,,,,,,,,,,,,,,,,,,,,,,,,,,,
PACL,2022-PACL-BK-152,BK,9/13/22,,,,,,,,KR,MAS,226,273,283,252.6,0.96,251.6,,0,,,,,,,,,,,,,,,,,,,,,,,,,,,,,,
PACL,2022-PACL-BK-153,BK,9/13/22,,,,,,,,KR,MAS,204,245,255,183.2,2.39,180.8,,0,,,,,,,,,,,,,,,,,,,,,,,,,,,,,,
PACL,2022-PACL-BK-154,BK,9/13/22,,,,,,,,KR,MAS,222,268,280,245.8,2.51,243.3,,0,,,,,,,,,,,,,,,,,,,,,,,,,,,,,,
PACL,2022-PACL-BK-155,BK,9/13/22,,,,,,,,KR,MAS,226,272,283,248.6,0.83,247.8,,0,,,,,,,,,,,,,,,,,,,,,,,,,,,,,,
PACL,2022-PACL-BK-156,BK,9/27/22,,,,,,,,KR,MAS,232,271,284,249.2,1.19,248.0,,0,,,,,,,,,,,,,,,,,,,,,,,,,,,,,,
PACL,2022-PACL-BK-157,BK,9/27/22,,,,,,,,KR,MAS,175,212,219,111.0,0.77,110.2,,0,,,,,,,,,,,,,,,,,,,,,,,,,,,,,,
PACL,2022-PACL-BK-158,BK,9/27/22,,,,,,,,KR,MAS,204,245,256,190.4,1.03,189.4,,0,,,,,,,,,,,,,,,,,,,,,,,,,,,,,,
PACL,2022-PACL-BK-159,BK,9/27/22,,,,,,,,KR,MAS,257,303,317,362.6,0.78,361.8,,0,,,,,,,,,,,,,,,,,,,,,,,,,,,,,,
PACL,2022-PACL-BK-160,BK,9/27/22,,,,,,,,KR,MAS,267,315,327,467.3,6.31,461.0,,0,,,,,,,,,,,,,,,,,,,,,,,,,,,,,,
PACL,2022-PACL-BK-161,BK,9/27/22,,,,,,,,KR,MAS,250,294,309,356.9,0.99,355.9,,0,,,,,,,,,,,,,,,,,,,,,,,,,,,,,,
PACL,2022-PACL-BK-162,BK,9/27/22,,,,,,,,KR,MAS,258,310,325,358.5,2.35,356.2,,0,,,,,,,,,,,,,,,,,,,,,,,,,,,,,,
PACL,2022-PACL-BK-163,BK,9/27/22,,,,,,,,KR,MAS,277,327,343,497.3,2.41,494.9,,0,,,,,,,,,,,,,,,,,,,,,,,,,,,,,,
PACL,2022-PACL-BK-164,BK,9/27/22,,,,,,,,KR,MAS,280,333,346,518.1,3.68,514.4,,0,,,,,,,,,,,,,,,,,,,,,,,,,,,,,,
PACL,2022-PACL-BK-165,BK,9/27/22,,,,,,,,KR,MAS,233,281,292,285.5,1.47,284.0,,0,,,,,,,,,,,,,,,,,,,,,,,,,,,,,,
PACL,2022-PACL-BK-166,BK,9/27/22,,,,,,,,KR,MAS,248,296,306,383.7,1.19,382.5,,0,,,,,,,,,,,,,,,,,,,,,,,,,,,,,,
PACL,2022-PACL-BK-167,BK,9/27/22,,,,,,,,KR,MAS,241,286,296,337.8,1.87,335.9,,0,,,,,,,,,,,,,,,,,,,,,,,,,,,,,,
PACL,2022-PACL-BK-168,BK,9/27/22,,,,,,,,KR,MAS,247,293,306,320.3,6.78,313.5,,0,,,,,,,,,,,,,,,,,,,,,,,,,,,,,,
PACL,2022-PACL-SMK-001,SMK,5/26/22,6,T,7,4.714,4.714,4.497,"yes, MAS altered",KR,MAS,224,271,280,281.9,8.62,273.3,292,278,299.4,255.5,43.9,,,,,,,,,,,,,,,,,,,,,,,,,,,
PACL,2022-PACL-SMK-002,SMK,5/26/22,5,T,6,4.659,4.659,4.216,"yes, MAS altered",KR,MAS,234,281,291,321.0,14.63,306.4,289,259,287.8,205.4,82.5,,,,,,,,,,,,,,,,,,,,,,,,,,,
PACL,2022-PACL-SMK-003,SMK,5/26/22,6,T,7,4.745,4.745,4.318,"yes, MAS altered",KR,MAS,236,280,290,329.1,18.49,310.6,294,266,306.1,222.7,83.4,,,,,,,,,,,,,,,,,,,,,,,,,,,
PACL,2022-PACL-SMK-004,SMK,5/26/22,4,T,5,4.552,4.552,4.099,"yes, MAS altered",KR,MAS,226,272,282,260.9,8.36,252.5,281,251,266.2,186.6,79.5,,,,,,,,,,,,,,,,,,,,,,,,,,,
PACL,2022-PACL-SMK-005,SMK,5/26/22,5,T,6,4.963,4.963,4.613,"yes, MAS altered",KR,MAS,260,309,324,407.9,10.55,397.4,309,286,355.8,278.4,77.5,,,,,,,,,,,,,,,,,,,,,,,,,,,
PACL,2022-PACL-SMK-006,SMK,5/26/22,7,T,8,5.194,5.194,4.797,"yes, MAS altered",KR,MAS,258,308,324,427.1,14.12,413.0,325,298,414.3,317.5,96.8,,,,,,,,,,,,,,,,,,,,,,,,,,,
PACL,2022-PACL-SMK-007,SMK,5/26/22,7,T,8,5.442,5.442,5.085,"yes, MAS altered",KR,MAS,283,339,349,580.0,18.07,561.9,341,317,483.9,386.0,97.9,,,,,,,,,,,,,,,,,,,,,,,,,,,
PACL,2022-PACL-SMK-008,SMK,5/26/22,5,T,6,4.716,4.716,4.250,"yes, MAS altered",KR,MAS,243,283,297,327.4,14.22,313.2,292,261,299.9,211.1,88.8,,,,,,,,,,,,,,,,,,,,,,,,,,,
PACL,2022-PACL-SMK-009,SMK,5/26/22,7,T,8,4.739,4.739,4.526,"yes, MAS altered",KR,MAS,245,296,306,381.3,26.76,354.5,294,280,304.8,261.1,43.7,,,,,,,,,,,,,,,,,,,,,,,,,,,
PACL,2022-PACL-SMK-010,SMK,5/26/22,6,T,7,4.903,4.903,4.567,"yes, MAS altered",KR,MAS,240,287,296,383.1,20.92,362.2,305,282,341.6,269.1,72.5,,,,,,,,,,,,,,,,,,,,,,,,,,,
PACL,2022-PACL-SMK-011,SMK,5/26/22,5,T,6,5.014,5.014,4.612,"yes, MAS altered",KR,MAS,280,335,350,575.9,12.99,562.9,312,285,368.2,278.2,90.0,,,,,,,,,,,,,,,,,,,,,,,,,,,
PACL,2022-PACL-SMK-012,SMK,5/26/22,5,T,6,4.915,4.915,4.439,"yes, MAS altered",KR,MAS,271,325,336,472.6,15.46,457.1,306,274,344.5,244.5,99.9,,,,,,,,,,,,,,,,,,,,,,,,,,,
PACL,2022-PACL-SMK-013,SMK,5/26/22,6,T,7,5.021,5.021,4.795,"yes, MAS altered",KR,MAS,234,280,290,323.9,10.53,313.4,313,298,370.0,317.1,52.9,,,,,,,,,,,,,,,,,,,,,,,,,,,
PACL,2022-PACL-SMK-014,SMK,5/26/22,4,T,5,4.626,4.626,4.160,"yes, MAS altered",KR,MAS,224,268,277,303.4,24.44,279.0,286,255,281.0,196.3,84.8,,,,,,,,,,,,,,,,,,,,,,,,,,,
PACL,2022-PACL-SMK-015,SMK,5/26/22,5,T,6,4.583,4.583,4.382,"yes, MAS altered",KR,MAS,225,268,277,263.6,9.10,254.5,284,270,272.3,234.1,38.3,,,,,,,,,,,,,,,,,,,,,,,,,,,
PACL,2022-PACL-SMK-016,SMK,5/26/22,,,,4.433,,,"don't use, poor structure",KR,MAS,210,253,265,235.1,7.11,228.0,,0,,,,,,,,,,,,,,,,,,,,,,,,,,,,,,
PACL,2022-PACL-SMK-017,SMK,5/26/22,3,O,3,4.559,4.393,3.825,"yes, MAS altered",KR,MAS,216,260,270,298.7,19.03,279.7,271,233,236.1,147.4,88.7,,,,,,,,,,,,,,,,,,,,,,,,,,,
PACL,2022-PACL-SMK-018,SMK,5/26/22,10,T,11,5.677,5.677,5.504,"yes, MAS altered",KR,MAS,305,360,381,640.3,17.61,622.7,357,345,556.8,502.4,54.3,,,,,,,,,,,,,,,,,,,,,,,,,,,
PACL,2022-PACL-SMK-019,SMK,5/26/22,5,T,6,5.007,5.007,4.509,"yes, MAS altered",KR,MAS,254,305,319,397.1,11.86,385.2,312,279,366.5,257.8,108.7,,,,,,,,,,,,,,,,,,,,,,,,,,,
PACL,2022-PACL-SMK-020,SMK,5/26/22,4,O,4,4.119,3.925,3.640,"yes, MAS altered",KR,MAS,217,259,264,266.4,13.42,253.0,239,220,161.0,124.3,36.7,,,,,,,,,,,,,,,,,,,,,,,,,,,
PACL,2022-PACL-SMK-021,SMK,5/26/22,,,,,,,,KR,MAS,210,255,263,248.5,9.68,238.8,,0,,,,,,,,,,,,,,,,,,,,,,,,,,,,,,
PACL,2022-PACL-SMK-022,SMK,5/26/22,,,,,,,,KR,MAS,210,254,264,240.2,3.36,236.8,,0,,,,,,,,,,,,,,,,,,,,,,,,,,,,,,
PACL,2022-PACL-SMK-023,SMK,5/26/22,,,,,,,,KR,MAS,251,301,315,419.8,15.21,404.6,,0,,,,,,,,,,,,,,,,,,,,,,,,,,,,,,
PACL,2022-PACL-SMK-024,SMK,5/26/22,,,,,,,,KR,MAS,270,320,336,459.9,8.56,451.3,,0,,,,,,,,,,,,,,,,,,,,,,,,,,,,,,
PACL,2022-PACL-SMK-025,SMK,6/7/22,4,O,4,4.534,4.454,4.023,"yes, MAS altered",KR,MAS,205,252,260,238.3,16.17,222.1,275,246,247.3,175.1,72.2,,,,,,,,,,,,,,,,,,,,,,,,,,,
PACL,2022-PACL-SMK-026,SMK,6/7/22,6,T,7,4.599,4.599,4.237,"yes, MAS altered",KR,MAS,212,261,272,265.5,13.22,252.3,285,260,275.6,208.9,66.7,,,,,,,,,,,,,,,,,,,,,,,,,,,
PACL,2022-PACL-SMK-027,SMK,6/7/22,6,O,6,4.386,4.303,4.065,"yes, MAS altered",KR,MAS,228,275,283,271.6,13.16,258.4,265,249,220.1,181.4,38.7,,,,,,,,,,,,,,,,,,,,,,,,,,,
PACL,2022-PACL-SMK-028,SMK,6/7/22,4,T,5,4.378,4.378,3.991,"yes, MAS altered",KR,MAS,225,271,282,260.8,15.39,245.4,270,244,233.4,170.4,62.9,,,,,,,,,,,,,,,,,,,,,,,,,,,
PACL,2022-PACL-SMK-029,SMK,6/7/22,3,T,4,4.369,4.369,3.778,"yes, MAS altered",KR,MAS,206,249,258,219.7,6.91,212.8,269,230,231.7,141.3,90.5,,,,,,,,,,,,,,,,,,,,,,,,,,,
PACL,2022-PACL-SMK-030,SMK,6/7/22,4,T,5,4.438,4.438,3.930,"yes, MAS altered",KR,MAS,218,265,275,273.9,14.54,259.4,274,240,244.4,161.7,82.7,,,,,,,,,,,,,,,,,,,,,,,,,,,
PACL,2022-PACL-SMK-031,SMK,6/23/22,4,T,5,4.484,4.484,4.126,"yes, MAS altered",KR,MAS,202,247,255,224.9,20.34,204.6,277,253,253.0,190.9,62.1,,,,,,,,,,,,,,,,,,,,,,,,,,,
PACL,2022-PACL-SMK-032,SMK,6/23/22,,,,,,,,KR,MAS,291,353,368,608.5,18.03,590.5,,0,,,,,,,,,,,,,,,,,,,,,,,,,,,,,,
PACL,2022-PACL-SMK-033,SMK,6/23/22,4,T,5,4.018,4.018,3.781,"yes, MAS altered",KR,MAS,201,243,255,205.0,14.07,190.9,246,230,174.4,141.7,32.7,,,,,,,,,,,,,,,,,,,,,,,,,,,
PACL,2022-PACL-SMK-034,SMK,6/23/22,5,T,6,5.201,5.201,4.895,"yes, MAS altered",KR,MAS,239,289,301,353.6,12.68,340.9,325,304,416.1,339.8,76.3,,,,,,,,,,,,,,,,,,,,,,,,,,,
PACL,2022-PACL-SMK-035,SMK,6/23/22,5,O,5,4.401,4.296,4.010,"yes, MAS altered",KR,MAS,200,242,250,206.8,14.02,192.8,264,245,218.9,173.2,45.7,,,,,,,,,,,,,,,,,,,,,,,,,,,
PACL,2022-PACL-SMK-036,SMK,6/23/22,,,,,,,,KR,MAS,258,312,322,446.4,14.94,431.5,,0,,,,,,,,,,,,,,,,,,,,,,,,,,,,,,
PACL,2022-PACL-SMK-037,SMK,6/23/22,4,O,4,4.339,4.232,3.906,"yes, MAS altered",KR,MAS,200,244,251,182.3,10.64,171.7,260,238,208.0,158.3,49.7,,,,,,,,,,,,,,,,,,,,,,,,,,,
PACL,2022-PACL-SMK-038,SMK,6/23/22,4,O,4,4.097,4.026,3.506,"yes, MAS altered",KR,MAS,210,257,262,247.5,7.75,239.8,246,211,175.6,109.2,66.4,,,,,,,,,,,,,,,,,,,,,,,,,,,
PACL,2022-PACL-SMK-039,SMK,6/23/22,6,T,7,4.664,4.664,4.507,"yes, MAS altered",KR,MAS,216,263,272,248.1,10.98,237.1,289,278,288.9,257.4,31.5,,,,,,,,,,,,,,,,,,,,,,,,,,,
PACL,2022-PACL-SMK-040,SMK,6/23/22,6,O,6,4.875,4.777,4.458,"yes, MAS altered",KR,MAS,221,267,275,262.6,11.48,251.1,297,275,313.1,248.1,65.0,,,,,,,,,,,,,,,,,,,,,,,,,,,
PACL,2022-PACL-SMK-041,SMK,6/23/22,6,T,7,4.700,4.700,4.419,"yes, MAS altered",KR,MAS,227,274,286,286.8,12.70,274.1,291,273,296.5,240.8,55.6,,,,,,,,,,,,,,,,,,,,,,,,,,,
PACL,2022-PACL-SMK-042,SMK,6/23/22,7,O,7,,,,"don't use, deformed and broken",KR,MAS,255,309,317,424.2,18.40,405.8,,0,,,,,,,,,,,,,,,,,,,,,,,,,,,,,,
PACL,2022-PACL-SMK-043,SMK,6/23/22,4,O,4,4.805,4.701,4.555,"yes, MAS altered",KR,MAS,222,271,277,271.2,11.87,259.3,291,282,296.7,266.8,29.9,,,,,,,,,,,,,,,,,,,,,,,,,,,
PACL,2022-PACL-SMK-044,SMK,6/23/22,4,T,5,4.571,4.571,4.311,"yes, MAS altered",KR,MAS,225,273,280,267.6,11.54,256.1,283,265,269.9,221.5,48.4,,,,,,,,,,,,,,,,,,,,,,,,,,,
PACL,2022-PACL-SMK-045,SMK,6/23/22,8,T,9,5.055,5.055,4.862,"yes, MAS altered",KR,MAS,275,330,343,520.0,18.69,501.3,315,302,378.4,332.2,46.2,,,,,,,,,,,,,,,,,,,,,,,,,,,
PACL,2022-PACL-SMK-046,SMK,6/23/22,4,T,5,4.424,4.424,4.098,"yes, MAS altered",KR,MAS,220,264,278,259.8,10.44,249.4,273,251,241.8,186.5,55.3,,,,,,,,,,,,,,,,,,,,,,,,,,,
PACL,2022-PACL-SMK-047,SMK,6/23/22,7,T,8,5.503,5.503,5.135,"yes, MAS altered",KR,MAS,286,340,354,562.7,21.27,541.4,345,321,502.1,398.8,103.4,,,,,,,,,,,,,,,,,,,,,,,,,,,
PACL,2022-PACL-SMK-048,SMK,6/23/22,6,T,7,5.095,5.095,4.829,"yes, MAS altered",KR,MAS,265,318,333,496.0,18.32,477.7,318,300,388.5,324.7,63.8,,,,,,,,,,,,,,,,,,,,,,,,,,,
PACL,2022-PACL-SMK-049,SMK,6/23/22,,,,,,,,KR,MAS,280,335,349,521.1,20.87,500.2,,0,,,,,,,,,,,,,,,,,,,,,,,,,,,,,,
PACL,2022-PACL-SMK-050,SMK,6/23/22,,,,,,,,KR,MAS,255,309,320,429.7,14.02,415.7,,0,,,,,,,,,,,,,,,,,,,,,,,,,,,,,,
PACL,2022-PACL-SMK-051,SMK,6/23/22,,,,,,,,KR,MAS,219,263,275,248.1,11.25,236.9,,0,,,,,,,,,,,,,,,,,,,,,,,,,,,,,,
PACL,2022-PACL-SMK-052,SMK,6/23/22,,,,,,,,KR,MAS,235,284,294,322.9,14.83,308.1,,0,,,,,,,,,,,,,,,,,,,,,,,,,,,,,,
PACL,2022-PACL-SMK-053,SMK,6/23/22,,,,,,,,KR,MAS,228,280,289,298.3,8.63,289.7,,0,,,,,,,,,,,,,,,,,,,,,,,,,,,,,,
PACL,2022-PACL-SMK-054,SMK,6/23/22,,,,,,,,KR,MAS,208,254,263,225.1,8.38,216.7,,0,,,,,,,,,,,,,,,,,,,,,,,,,,,,,,
PACL,2022-PACL-SMK-055,SMK,6/23/22,,,,,,,,KR,MAS,236,287,299,351.2,18.43,332.8,,0,,,,,,,,,,,,,,,,,,,,,,,,,,,,,,
PACL,2022-PACL-SMK-056,SMK,7/8/22,5,T,6,4.981,4.981,4.514,"yes, MAS altered",KR,MAS,224,271,283,310.0,10.85,299.2,310,279,360.2,258.8,101.4,,,,,,,,,,,,,,,,,,,,,,,,,,,
PACL,2022-PACL-SMK-057,SMK,7/8/22,4,T,5,4.492,4.492,4.160,"yes, MAS altered",KR,MAS,200,246,253,193.8,21.33,172.5,277,255,254.5,196.3,58.3,,,,,,,,,,,,,,,,,,,,,,,,,,,
PACL,2022-PACL-SMK-058,SMK,7/21/22,5,T,6,5.000,5.000,4.577,"yes, MAS altered",KR,MAS,240,290,305,371.2,12.47,358.7,311,283,364.8,271.1,93.7,,,,,,,,,,,,,,,,,,,,,,,,,,,
PACL,2022-PACL-SMK-059,SMK,7/21/22,10,T,11,6.100,6.100,5.937,"yes, MAS altered",KR,MAS,353,412,420,1006.7,40.02,966.7,385,374,706.1,645.7,60.4,,,,,,,,,,,,,,,,,,,,,,,,,,,
PACL,2022-PACL-SMK-060,SMK,7/21/22,5,T,6,4.278,4.278,4.069,"yes, MAS altered",KR,MAS,225,275,283,295.3,10.05,285.3,263,249,215.8,182.0,33.8,,,,,,,,,,,,,,,,,,,,,,,,,,,
PACL,2022-PACL-SMK-061,SMK,7/21/22,6,T,7,4.916,4.916,4.636,"yes, MAS altered",KR,MAS,257,306,322,490.6,43.75,446.9,306,287,344.7,283.1,61.6,,,,,,,,,,,,,,,,,,,,,,,,,,,
PACL,2022-PACL-SMK-062,SMK,7/21/22,11,T,12,6.320,6.320,5.994,"yes, MAS altered",KR,MAS,352,416,435,1142.3,60.08,1082.2,400,378,793.6,666.4,127.2,,,,,,,,,,,,,,,,,,,,,,,,,,,
PACL,2022-PACL-SMK-063,SMK,7/21/22,4,T,5,5.040,5.040,4.585,"yes, MAS altered",KR,MAS,267,325,337,487.0,14.98,472.0,314,284,374.7,272.7,101.9,,,,,,,,,,,,,,,,,,,,,,,,,,,
PACL,2022-PACL-SMK-064,SMK,7/21/22,7,T,8,5.970,5.970,5.726,"yes, MAS altered",KR,MAS,299,360,371,688.6,29.92,658.7,377,360,657.6,572.8,84.8,,,,,,,,,,,,,,,,,,,,,,,,,,,
PACL,2022-PACL-SMK-065,SMK,7/21/22,7,T,8,5.487,5.478,5.247,"yes, MAS altered",KR,MAS,303,369,381,783.2,39.62,743.6,344,328,494.6,428.5,66.1,,,,,,,,,,,,,,,,,,,,,,,,,,,
PACL,2022-PACL-SMK-066,SMK,7/21/22,6,O,6,4.714,4.574,4.177,"yes, MAS altered",KR,MAS,227,270,279,323.4,29.98,293.4,283,256,270.5,199.0,71.5,,,,,,,,,,,,,,,,,,,,,,,,,,,
PACL,2022-PACL-SMK-067,SMK,7/21/22,,,,,,,"don't use, poor structure",KR,MAS,270,325,338,499.3,31.76,467.5,,0,,,,,,,,,,,,,,,,,,,,,,,,,,,,,,
PACL,2022-PACL-SMK-068,SMK,7/21/22,7,O,7,4.804,4.780,4.590,"don't use, poor structure",KR,MAS,261,317,333,447.9,13.31,434.6,,,,,,,,,,,,,,,,,,,,,,,,,,,,,,,,
PACL,2022-PACL-SMK-069,SMK,7/21/22,5,T,6,4.610,4.610,4.302,"yes, MAS altered",KR,MAS,220,267,277,315.0,21.91,293.1,285,265,277.8,219.9,57.8,,,,,,,,,,,,,,,,,,,,,,,,,,,
PACL,2022-PACL-SMK-070,SMK,7/21/22,7,T,8,5.091,5.091,4.837,"yes, MAS altered",KR,MAS,254,308,322,399.3,20.82,378.5,318,301,387.5,326.5,61.0,,,,,,,,,,,,,,,,,,,,,,,,,,,
PACL,2022-PACL-SMK-071,SMK,7/21/22,8,T,9,5.479,5.479,5.344,"yes, MAS altered",KR,MAS,293,350,362,625.5,33.01,592.5,344,335,494.9,455.5,39.4,,,,,,,,,,,,,,,,,,,,,,,,,,,
PACL,2022-PACL-SMK-072,SMK,7/21/22,,,,,,,"don't use, no otoliths",KR,MAS,216,260,269,288.3,18.68,269.6,,0,,,,,,,,,,,,,,,,,,,,,,,,,,,,,,
PACL,2022-PACL-SMK-073,SMK,7/21/22,6,T,7,5.221,5.221,4.897,"yes, MAS altered",KR,MAS,274,323,335,592.3,25.74,566.6,326,305,421.5,340.2,81.2,,,,,,,,,,,,,,,,,,,,,,,,,,,
PACL,2022-PACL-SMK-074,SMK,7/21/22,,,,,,,"don't use, no otoliths",KR,MAS,266,321,331,471.2,10.09,461.1,,0,,,,,,,,,,,,,,,,,,,,,,,,,,,,,,
PACL,2022-PACL-SMK-075,SMK,7/21/22,7,T,8,4.677,4.677,4.481,"yes, MAS altered",KR,MAS,250,300,311,338.1,13.52,324.6,290,277,291.6,252.4,39.2,,,,,,,,,,,,,,,,,,,,,,,,,,,
PACL,2022-PACL-SMK-076,SMK,7/21/22,5,T,6,4.729,4.729,4.279,"yes, MAS altered",KR,MAS,247,297,304,384.7,7.71,377.0,293,263,302.6,216.0,86.7,,,,,,,,,,,,,,,,,,,,,,,,,,,
PACL,2022-PACL-SMK-077,SMK,7/21/22,7,T,8,5.149,5.149,4.783,"yes, MAS altered",KR,MAS,264,317,323,502.5,25.20,477.3,321,297,402.4,314.4,88.0,,,,,,,,,,,,,,,,,,,,,,,,,,,
PACL,2022-PACL-SMK-078,SMK,7/21/22,,,,,,,,KR,MAS,257,310,318,466.6,27.92,438.7,,0,,,,,,,,,,,,,,,,,,,,,,,,,,,,,,
PACL,2022-PACL-SMK-079,SMK,7/21/22,,,,,,,,KR,MAS,208,253,258,247.8,25.29,222.5,,0,,,,,,,,,,,,,,,,,,,,,,,,,,,,,,
PACL,2022-PACL-SMK-080,SMK,7/21/22,,,,,,,,KR,MAS,245,294,306,249.2,24.18,225.0,,0,,,,,,,,,,,,,,,,,,,,,,,,,,,,,,
PACL,2022-PACL-SMK-081,SMK,7/21/22,,,,,,,,KR,MAS,264,318,327,488.6,24.20,464.4,,0,,,,,,,,,,,,,,,,,,,,,,,,,,,,,,
PACL,2022-PACL-SMK-082,SMK,7/21/22,,,,,,,,KR,MAS,243,289,296,389.0,34.84,354.2,,0,,,,,,,,,,,,,,,,,,,,,,,,,,,,,,
PACL,2022-PACL-SMK-083,SMK,7/21/22,,,,,,,,KR,MAS,283,337,348,573.6,31.17,542.4,,0,,,,,,,,,,,,,,,,,,,,,,,,,,,,,,
PACL,2022-PACL-SMK-084,SMK,7/21/22,,,,,,,,KR,MAS,230,278,288,319.0,20.51,298.5,,0,,,,,,,,,,,,,,,,,,,,,,,,,,,,,,
PACL,2022-PACL-SMK-085,SMK,7/21/22,,,,,,,,KR,MAS,265,311,322,329.5,42.04,287.5,,0,,,,,,,,,,,,,,,,,,,,,,,,,,,,,,
PACL,2022-PACL-SMK-086,SMK,7/21/22,,,,,,,,KR,MAS,218,265,276,287.7,14.86,272.8,,0,,,,,,,,,,,,,,,,,,,,,,,,,,,,,,
PACL,2022-PACL-SMK-087,SMK,7/21/22,,,,,,,,KR,MAS,249,300,311,439.0,45.44,393.6,,0,,,,,,,,,,,,,,,,,,,,,,,,,,,,,,
PACL,2022-PACL-SMK-088,SMK,8/4/22,6,T,7,5.024,5.024,4.876,"yes, MAS altered",KR,MAS,254,308,320,470.0,21.00,449.0,313,303,370.7,335.4,35.3,,,,,,,,,,,,,,,,,,,,,,,,,,,
PACL,2022-PACL-SMK-089,SMK,8/4/22,5,T,6,4.546,4.546,4.140,"yes, MAS altered",KR,MAS,244,299,309,378.6,33.17,345.4,281,254,265.0,193.1,71.9,,,,,,,,,,,,,,,,,,,,,,,,,,,
PACL,2022-PACL-SMK-090,SMK,8/4/22,6,T,7,4.972,4.972,4.791,"yes, MAS altered",KR,MAS,258,312,325,402.8,6.06,396.7,310,297,358.0,316.2,41.8,,,,,,,,,,,,,,,,,,,,,,,,,,,
PACL,2022-PACL-SMK-091,SMK,8/4/22,4,T,5,5.141,5.141,4.373,"yes, MAS altered",KR,MAS,255,301,310,400.6,26.44,374.2,321,269,400.3,232.5,167.9,,,,,,,,,,,,,,,,,,,,,,,,,,,
PACL,2022-PACL-SMK-092,SMK,8/4/22,4,O,4,4.738,4.669,4.127,"yes, MAS altered",KR,MAS,232,279,289,320.7,4.82,315.9,289,253,289.9,191.0,98.9,,,,,,,,,,,,,,,,,,,,,,,,,,,
PACL,2022-PACL-SMK-093,SMK,8/4/22,9,T,10,5.609,5.609,5.423,"yes, MAS altered",KR,MAS,267,321,336,462.8,13.97,448.8,352,340,535.0,478.3,56.7,,,,,,,,,,,,,,,,,,,,,,,,,,,
PACL,2022-PACL-SMK-094,SMK,8/4/22,5,O,5,5.407,5.247,4.556,"yes, MAS altered",KR,MAS,254,307,319,471.0,13.62,457.4,328,282,428.5,267.0,161.6,,,,,,,,,,,,,,,,,,,,,,,,,,,
PACL,2022-PACL-SMK-095,SMK,8/4/22,7,T,8,5.407,5.407,5.110,"yes, MAS altered",KR,MAS,264,315,330,444.0,9.31,434.7,339,319,473.6,392.3,81.3,,,,,,,,,,,,,,,,,,,,,,,,,,,
PACL,2022-PACL-SMK-096,SMK,8/4/22,6,O,6,4.533,4.441,4.300,"yes, MAS altered",KR,MAS,256,308,317,420.9,18.45,402.5,274,265,244.9,219.6,25.3,,,,,,,,,,,,,,,,,,,,,,,,,,,
PACL,2022-PACL-SMK-097,SMK,8/4/22,8,O,8,5.123,5.027,4.908,"yes, MAS altered",KR,MAS,274,327,339,550.2,20.77,529.4,313,305,371.4,342.8,28.6,,,,,,,,,,,,,,,,,,,,,,,,,,,
PACL,2022-PACL-SMK-098,SMK,8/4/22,6,T,7,4.766,4.766,4.220,"yes, MAS altered",KR,MAS,245,293,307,351.4,8.92,342.5,296,259,310.7,206.0,104.6,,,,,,,,,,,,,,,,,,,,,,,,,,,
PACL,2022-PACL-SMK-099,SMK,8/4/22,5,O,5,4.650,4.577,3.875,"yes, MAS altered",KR,MAS,268,323,339,572.7,48.51,524.2,283,236,271.1,154.1,117.1,,,,,,,,,,,,,,,,,,,,,,,,,,,
PACL,2022-PACL-SMK-100,SMK,8/4/22,4,O,4,5.091,5.009,4.697,"yes, MAS altered",KR,MAS,240,290,300,378.3,12.81,365.5,312,291,367.0,295.8,71.2,,,,,,,,,,,,,,,,,,,,,,,,,,,
PACL,2022-PACL-SMK-101,SMK,8/4/22,5,O,5,4.405,4.309,3.937,"yes, MAS altered",KR,MAS,208,249,261,244.7,8.30,236.4,265,240,221.1,162.7,58.5,,,,,,,,,,,,,,,,,,,,,,,,,,,
PACL,2022-PACL-SMK-102,SMK,8/4/22,6,T,7,5.001,5.001,4.768,"yes, MAS altered",KR,MAS,256,306,320,425.2,12.56,412.6,312,296,365.0,311.1,53.9,,,,,,,,,,,,,,,,,,,,,,,,,,,
PACL,2022-PACL-SMK-103,SMK,8/4/22,7,T,8,4.457,4.457,4.312,"yes, MAS altered",KR,MAS,225,267,279,293.2,10.02,283.2,275,265,247.9,221.7,26.2,,,,,,,,,,,,,,,,,,,,,,,,,,,
PACL,2022-PACL-SMK-104,SMK,8/4/22,4,O,4,4.476,4.400,3.736,"yes, MAS altered",KR,MAS,211,258,267,231.5,7.81,223.7,271,227,237.4,135.9,101.4,,,,,,,,,,,,,,,,,,,,,,,,,,,
PACL,2022-PACL-SMK-105,SMK,8/4/22,8,O,8,5.176,5.096,4.939,"yes, MAS altered",KR,MAS,267,317,336,554.6,15.98,538.6,318,307,388.7,350.1,38.6,,,,,,,,,,,,,,,,,,,,,,,,,,,
PACL,2022-PACL-SMK-106,SMK,8/4/22,5,O,5,4.814,4.678,4.274,"yes, MAS altered",KR,MAS,227,274,282,292.7,9.37,283.3,290,263,291.8,215.1,76.7,,,,,,,,,,,,,,,,,,,,,,,,,,,
PACL,2022-PACL-SMK-107,SMK,8/4/22,6,T,7,4.991,4.991,4.659,"yes, MAS altered",KR,MAS,260,309,327,488.5,19.47,469.0,311,289,362.6,287.8,74.8,,,,,,,,,,,,,,,,,,,,,,,,,,,
PACL,2022-PACL-SMK-108,SMK,8/4/22,7,T,8,5.151,5.151,4.981,"yes, MAS altered",KR,MAS,235,281,289,356.5,12.01,344.5,322,310,402.9,360.2,42.7,,,,,,,,,,,,,,,,,,,,,,,,,,,
PACL,2022-PACL-SMK-109,SMK,8/4/22,8,T,9,5.049,5.049,4.935,"yes, MAS altered",KR,MAS,259,310,324,471.2,14.45,456.8,315,307,376.9,349.2,27.7,,,,,,,,,,,,,,,,,,,,,,,,,,,
PACL,2022-PACL-SMK-110,SMK,8/11/22,4,T,5,4.283,4.283,4.062,"yes, MAS altered",KR,MAS,203,246,253,201.9,1.19,200.7,263,249,216.7,181.0,35.7,,,,,,,,,,,,,,,,,,,,,,,,,,,
PACL,2022-PACL-SMK-111,SMK,8/11/22,3,T,4,4.250,4.250,3.559,"yes, MAS altered",KR,MAS,212,260,271,215.1,9.54,205.6,261,215,211.1,115.0,96.0,,,,,,,,,,,,,,,,,,,,,,,,,,,
PACL,2022-PACL-SMK-112,SMK,8/11/22,,,,,,,"don't use, no otoliths",KR,MAS,230,281,296,310.1,16.69,293.4,,0,,,,,,,,,,,,,,,,,,,,,,,,,,,,,,
PACL,2022-PACL-SMK-113,SMK,8/11/22,6,T,7,5.507,5.507,4.890,"yes, MAS altered",KR,MAS,260,314,326,445.6,3.89,441.7,346,304,503.3,338.6,164.7,,,,,,,,,,,,,,,,,,,,,,,,,,,
PACL,2022-PACL-SMK-114,SMK,8/11/22,,,,,,,"don't use, no otoliths",KR,MAS,215,261,277,266.1,8.96,257.1,,0,,,,,,,,,,,,,,,,,,,,,,,,,,,,,,
PACL,2022-PACL-SMK-115,SMK,8/18/22,5,O,5,4.486,4.364,4.098,"yes, MAS altered",KR,MAS,213,259,266,221.5,9.55,212.0,269,251,230.8,186.5,44.4,,,,,,,,,,,,,,,,,,,,,,,,,,,
PACL,2022-PACL-SMK-116,SMK,8/18/22,6,O,6,5.094,5.035,4.669,"yes, MAS altered",KR,MAS,239,287,300,298.2,10.52,287.7,314,289,373.4,289.9,83.5,,,,,,,,,,,,,,,,,,,,,,,,,,,
PACL,2022-PACL-SMK-117,SMK,8/18/22,3,T,4,4.402,4.402,4.076,"yes, MAS altered",KR,MAS,222,268,277,239.6,3.00,236.6,271,250,237.7,183.1,54.6,,,,,,,,,,,,,,,,,,,,,,,,,,,
PACL,2022-PACL-SMK-118,SMK,8/18/22,8,T,9,5.418,5.418,4.912,"yes, MAS altered",KR,MAS,276,333,345,318.5,14.19,304.3,340,306,476.8,343.8,133.1,,,,,,,,,,,,,,,,,,,,,,,,,,,
PACL,2022-PACL-SMK-119,SMK,8/18/22,5,O,5,5.028,4.885,4.481,"yes, MAS altered",KR,MAS,240,291,301,324.3,10.77,313.5,304,277,337.5,252.4,85.0,,,,,,,,,,,,,,,,,,,,,,,,,,,
PACL,2022-PACL-SMK-120,SMK,8/18/22,7,O,7,4.763,4.692,4.402,"yes, MAS altered",KR,MAS,230,275,286,286.1,8.10,278.0,291,271,294.8,237.7,57.0,,,,,,,,,,,,,,,,,,,,,,,,,,,
PACL,2022-PACL-SMK-121,SMK,8/18/22,7,O,7,4.610,4.508,4.148,"yes, MAS altered",KR,MAS,227,276,286,292.5,11.12,281.4,278,254,257.6,194.3,63.3,,,,,,,,,,,,,,,,,,,,,,,,,,,
PACL,2022-PACL-SMK-122,SMK,8/18/22,9,O,9,5.249,5.207,4.897,"don't use, deformed",KR,MAS,264,317,333,342.1,7.35,334.8,,,,,,,,,,,,,,,,,,,,,,,,,,,,,,,,
PACL,2022-PACL-SMK-123,SMK,8/18/22,5,T,6,5.233,5.233,4.927,"yes, MAS altered",KR,MAS,237,289,299,258.5,11.67,246.8,327,307,424.7,347.3,77.4,,,,,,,,,,,,,,,,,,,,,,,,,,,
PACL,2022-PACL-SMK-124,SMK,8/18/22,4,T,5,4.719,4.719,4.286,"yes, MAS altered",KR,MAS,234,281,288,231.8,12.90,218.9,293,264,300.5,217.2,83.3,,,,,,,,,,,,,,,,,,,,,,,,,,,
PACL,2022-PACL-SMK-125,SMK,8/18/22,7,O,7,5.561,5.603,5.083,"don't use, deformed",KR,MAS,279,333,347,666.2,18.77,647.4,,,,,,,,,,,,,,,,,,,,,,,,,,,,,,,,
PACL,2022-PACL-SMK-126,SMK,8/18/22,,,,,,,,KR,MAS,270,322,336,537.7,22.50,515.2,,0,,,,,,,,,,,,,,,,,,,,,,,,,,,,,,
PACL,2022-PACL-SMK-127,SMK,8/18/22,,,,,,,,KR,MAS,235,282,294,254.1,17.15,237.0,,0,,,,,,,,,,,,,,,,,,,,,,,,,,,,,,
PACL,2022-PACL-SMK-128,SMK,8/18/22,,,,,,,,KR,MAS,263,317,332,453.0,33.27,419.7,,0,,,,,,,,,,,,,,,,,,,,,,,,,,,,,,
PACL,2022-PACL-SMK-129,SMK,8/18/22,,,,,,,,KR,MAS,228,276,283,273.0,5.08,267.9,,0,,,,,,,,,,,,,,,,,,,,,,,,,,,,,,
PACL,2022-PACL-SMK-130,SMK,8/18/22,,,,,,,,KR,MAS,270,328,338,521.4,23.52,497.9,,0,,,,,,,,,,,,,,,,,,,,,,,,,,,,,,
PACL,2022-PACL-SMK-131,SMK,8/18/22,,,,,,,,KR,MAS,250,306,317,481.3,16.21,465.1,,0,,,,,,,,,,,,,,,,,,,,,,,,,,,,,,
PACL,2022-PACL-SMK-132,SMK,8/18/22,,,,,,,,KR,MAS,242,290,299,418.2,12.52,405.7,,0,,,,,,,,,,,,,,,,,,,,,,,,,,,,,,
PACL,2022-PACL-SMK-133,SMK,8/18/22,,,,,,,,KR,MAS,273,328,338,544.0,17.45,526.6,,0,,,,,,,,,,,,,,,,,,,,,,,,,,,,,,
PACL,2022-PACL-SMK-134,SMK,8/18/22,,,,,,,,KR,MAS,216,261,272,208.6,2.75,205.9,,0,,,,,,,,,,,,,,,,,,,,,,,,,,,,,,
PACL,2022-PACL-SMK-135,SMK,8/18/22,,,,,,,,KR,MAS,258,308,322,450.0,33.32,416.7,,0,,,,,,,,,,,,,,,,,,,,,,,,,,,,,,
PACL,2022-PACL-SMK-136,SMK,8/18/22,,,,,,,,KR,MAS,237,290,300,348.2,13.23,335.0,,0,,,,,,,,,,,,,,,,,,,,,,,,,,,,,,
PACL,2022-PACL-SMK-137,SMK,8/18/22,,,,,,,,KR,MAS,250,300,310,441.6,33.87,407.7,,0,,,,,,,,,,,,,,,,,,,,,,,,,,,,,,
PACL,2022-PACL-SMK-138,SMK,8/18/22,,,,,,,,KR,MAS,255,306,316,442.5,9.35,433.2,,0,,,,,,,,,,,,,,,,,,,,,,,,,,,,,,
PACL,2022-PACL-SMK-139,SMK,8/18/22,,,,,,,,KR,MAS,212,255,264,238.9,9.25,229.7,,0,,,,,,,,,,,,,,,,,,,,,,,,,,,,,,
PACL,2022-PACL-SMK-140,SMK,8/18/22,,,,,,,,KR,MAS,214,260,268,257.1,8.55,248.6,,0,,,,,,,,,,,,,,,,,,,,,,,,,,,,,,
PACL,2022-PACL-SMK-141,SMK,8/18/22,,,,,,,,KR,MAS,270,324,339,359.4,17.25,342.2,,0,,,,,,,,,,,,,,,,,,,,,,,,,,,,,,
PACL,2022-PACL-SMK-142,SMK,8/18/22,,,,,,,,KR,MAS,223,269,279,280.7,5.05,275.7,,0,,,,,,,,,,,,,,,,,,,,,,,,,,,,,,
PACL,2022-PACL-SMK-143,SMK,8/18/22,,,,,,,,KR,MAS,244,295,307,388.1,20.39,367.7,,0,,,,,,,,,,,,,,,,,,,,,,,,,,,,,,
PACL,2022-PACL-SMK-144,SMK,8/18/22,,,,,,,,KR,MAS,240,287,300,335.0,7.57,327.4,,0,,,,,,,,,,,,,,,,,,,,,,,,,,,,,,
PACL,2022-PACL-SMK-145,SMK,8/18/22,,,,,,,,KR,MAS,249,300,308,350.7,12.09,338.6,,0,,,,,,,,,,,,,,,,,,,,,,,,,,,,,,
PACL,2022-PACL-SMK-146,SMK,8/31/22,,,,,,,,KR,MAS,256,308,319,345.8,11.07,334.7,,0,,,,,,,,,,,,,,,,,,,,,,,,,,,,,,
PACL,2022-PACL-SMK-147,SMK,8/31/22,,,,,,,,KR,MAS,211,256,265,219.8,4.53,215.3,,0,,,,,,,,,,,,,,,,,,,,,,,,,,,,,,
PACL,2022-PACL-SMK-148,SMK,8/31/22,,,,,,,,KR,MAS,215,261,272,258.4,3.48,254.9,,0,,,,,,,,,,,,,,,,,,,,,,,,,,,,,,
PACL,2022-PACL-SMK-149,SMK,8/31/22,,,,,,,,KR,MAS,196,238,246,176.0,6.27,169.7,,0,,,,,,,,,,,,,,,,,,,,,,,,,,,,,,
PACL,2022-PACL-SMK-150,SMK,8/31/22,,,,,,,,KR,MAS,207,252,261,228.2,5.35,222.9,,0,,,,,,,,,,,,,,,,,,,,,,,,,,,,,,
PACL,2022-PACL-SMK-151,SMK,8/31/22,,,,,,,,KR,MAS,197,242,250,194.6,3.57,191.0,,0,,,,,,,,,,,,,,,,,,,,,,,,,,,,,,
PACL,2022-PACL-SMK-152,SMK,8/31/22,,,,,,,,KR,MAS,222,265,276,256.0,4.51,251.5,,0,,,,,,,,,,,,,,,,,,,,,,,,,,,,,,
PACL,2022-PACL-SMK-153,SMK,8/31/22,,,,,,,,KR,MAS,183,222,230,147.8,2.02,145.8,,0,,,,,,,,,,,,,,,,,,,,,,,,,,,,,,
PACL,2022-PACL-SMK-154,SMK,8/31/22,,,,,,,,KR,MAS,156,190,197,96.4,0.13,96.3,,0,,,,,,,,,,,,,,,,,,,,,,,,,,,,,,
PACL,2022-PACL-SMK-155,SMK,9/15/22,,,,,,,,KR,MAS,230,279,288,290.8,2.42,288.4,,0,,,,,,,,,,,,,,,,,,,,,,,,,,,,,,
PACL,2022-PACL-SMK-156,SMK,9/15/22,,,,,,,,KR,MAS,220,267,275,274.2,1.98,272.2,,0,,,,,,,,,,,,,,,,,,,,,,,,,,,,,,
PACL,2022-PACL-SMK-157,SMK,9/15/22,,,,,,,,KR,MAS,249,299,309,334.1,1.56,332.5,,0,,,,,,,,,,,,,,,,,,,,,,,,,,,,,,
PACL,2022-PACL-SMK-158,SMK,9/15/22,,,,,,,,KR,MAS,227,272,281,269.5,2.69,266.8,,0,,,,,,,,,,,,,,,,,,,,,,,,,,,,,,
PACL,2022-PACL-SMK-159,SMK,9/15/22,,,,,,,,KR,MAS,225,270,280,224.4,3.78,220.6,,0,,,,,,,,,,,,,,,,,,,,,,,,,,,,,,
PACL,2022-PACL-SMK-160,SMK,9/15/22,,,,,,,,KR,MAS,206,253,261,221.9,1.30,220.6,,0,,,,,,,,,,,,,,,,,,,,,,,,,,,,,,
PACL,2022-PACL-SMK-161,SMK,9/29/22,,,,,,,,KR,MAS,230,275,288,247.4,2.16,245.2,,0,,,,,,,,,,,,,,,,,,,,,,,,,,,,,,
PACL,2022-PACL-SMK-162,SMK,9/29/22,,,,,,,,KR,MAS,289,342,354,581.2,14.62,566.6,,0,,,,,,,,,,,,,,,,,,,,,,,,,,,,,,
PACL,2022-PACL-SMK-163,SMK,9/29/22,,,,,,,,KR,MAS,224,271,282,242.2,0.28,241.9,,0,,,,,,,,,,,,,,,,,,,,,,,,,,,,,,
PACL,2022-PACL-SMK-164,SMK,9/29/22,,,,,,,,KR,MAS,224,276,288,261.0,1.66,259.3,,0,,,,,,,,,,,,,,,,,,,,,,,,,,,,,,
PACL,2022-PACL-SMK-165,SMK,9/29/22,,,,,,,,KR,MAS,305,360,376,650.2,8.25,642.0,,0,,,,,,,,,,,,,,,,,,,,,,,,,,,,,,
PACL,2022-PACL-SMK-166,SMK,9/29/22,,,,,,,,KR,MAS,210,251,260,215.0,1.01,214.0,,0,,,,,,,,,,,,,,,,,,,,,,,,,,,,,,
PACL,2022-PACL-SMK-167,SMK,9/29/22,,,,,,,,KR,MAS,245,298,312,374.6,7.78,366.8,,0,,,,,,,,,,,,,,,,,,,,,,,,,,,,,,
PACL,2022-PACL-SMK-168,SMK,9/29/22,,,,,,,,KR,MAS,272,320,332,414.0,3.18,410.8,,0,,,,,,,,,,,,,,,,,,,,,,,,,,,,,,
PACL,2022-PACL-SMK-169,SMK,9/29/22,,,,,,,,KR,MAS,204,250,262.0,201.50,1.38,200.1,,0,,,,,,,,,,,,,,,,,,,,,,,,,,,,,,
PACL,2022-PACL-SMK-170,SMK,9/29/22,,,,,,,,KR,MAS,220,269,279,237.6,1.30,236.3,,0,,,,,,,,,,,,,,,,,,,,,,,,,,,,,,
PACL,2022-PACL-SMK-171,SMK,9/29/22,,,,,,,,KR,MAS,232,280,295,295.1,0.91,294.2,,0,,,,,,,,,,,,,,,,,,,,,,,,,,,,,,
PACL,2022-PACL-WNR-001,WNR,5/24/22,5,T,6,4.699,4.699,4.539,"yes, MAS altered",KR,MAS,258,306,320,420.5,13.76,406.7,291,281,296.2,263.6,32.6,,,,,,,,,,,,,,,,,,,,,,,,,,,
PACL,2022-PACL-WNR-002,WNR,5/24/22,3,T,4,4.767,4.767,4.186,"yes, MAS altered",KR,MAS,249,293,305,354.4,9.47,344.9,296,257,310.9,200.5,110.4,,,,,,,,,,,,,,,,,,,,,,,,,,,
PACL,2022-PACL-WNR-003,WNR,5/24/22,5,T,6,5.142,5.142,4.857,"yes, MAS altered",KR,MAS,273,324,337,495.2,24.75,470.5,321,302,400.6,331.0,69.6,,,,,,,,,,,,,,,,,,,,,,,,,,,
PACL,2022-PACL-WNR-004,WNR,5/24/22,4,T,5,4.701,4.701,4.223,"yes, MAS altered",KR,MAS,240,283,294,357.5,15.42,342.1,291,259,296.7,206.5,90.1,,,,,,,,,,,,,,,,,,,,,,,,,,,
PACL,2022-PACL-WNR-005,WNR,5/24/22,5,T,6,4.920,4.920,4.498,"yes, MAS altered",KR,MAS,251,300,312,412.2,15.02,397.2,306,278,345.6,255.7,89.9,,,,,,,,,,,,,,,,,,,,,,,,,,,
PACL,2022-PACL-WNR-006,WNR,5/24/22,6,T,7,4.806,4.806,4.466,"yes, MAS altered",KR,MAS,245,294,306,357.1,14.96,342.1,298,276,319.5,249.6,69.9,,,,,,,,,,,,,,,,,,,,,,,,,,,
PACL,2022-PACL-WNR-007,WNR,5/24/22,5,T,6,5.208,5.208,4.905,"yes, MAS altered",KR,MAS,243,287,301,365.0,8.49,356.5,325,305,418.0,342.1,75.9,,,,,,,,,,,,,,,,,,,,,,,,,,,
PACL,2022-PACL-WNR-008,WNR,5/24/22,6,T,7,4.672,4.672,4.221,"yes, MAS altered",KR,MAS,256,302,315,326.0,13.16,312.8,289,259,290.6,206.2,84.3,,,,,,,,,,,,,,,,,,,,,,,,,,,
PACL,2022-PACL-WNR-009,WNR,5/24/22,4,T,5,5.116,5.116,4.626,"yes, MAS altered",KR,MAS,252,298,308,421.8,13.88,407.9,319,286,393.9,281.0,112.8,,,,,,,,,,,,,,,,,,,,,,,,,,,
PACL,2022-PACL-WNR-010,WNR,5/24/22,5,T,6,4.649,4.649,4.075,"yes, MAS altered",KR,MAS,241,289,300,345.4,7.61,337.8,288,249,285.8,183.0,102.8,,,,,,,,,,,,,,,,,,,,,,,,,,,
PACL,2022-PACL-WNR-011,WNR,5/24/22,6,T,7,4.684,4.684,4.299,"yes, MAS altered",KR,MAS,228,272,282,282.0,9.62,272.4,290,264,293.1,219.4,73.7,,,,,,,,,,,,,,,,,,,,,,,,,,,
PACL,2022-PACL-WNR-012,WNR,5/24/22,8,T,9,5.746,5.746,5.470,"yes, MAS altered",KR,MAS,285,335,349,560.9,18.41,542.5,362,343,579.5,492.2,87.3,,,,,,,,,,,,,,,,,,,,,,,,,,,
PACL,2022-PACL-WNR-013,WNR,5/24/22,4,T,5,,,,"don't use, broken",KR,MAS,218,262,271,240.1,1.56,238.5,,0,,,,,,,,,,,,,,,,,,,,,,,,,,,,,,
PACL,2022-PACL-WNR-014,WNR,5/24/22,5,O,5,4.440,4.310,3.908,"yes, MAS altered",KR,MAS,233,274,284,235.7,2.80,232.9,265,238,221.3,158.6,62.7,,,,,,,,,,,,,,,,,,,,,,,,,,,
PACL,2022-PACL-WNR-015,WNR,5/24/22,7,T,8,5.421,5.421,5.154,"yes, MAS altered",KR,MAS,301,359,372,637.5,27.97,609.5,340,322,477.7,403.7,74.0,,,,,,,,,,,,,,,,,,,,,,,,,,,
PACL,2022-PACL-WNR-016,WNR,5/24/22,,,,,,,,KR,MAS,264,311,323,410.8,15.83,395.0,,0,,,,,,,,,,,,,,,,,,,,,,,,,,,,,,
PACL,2022-PACL-WNR-017,WNR,5/24/22,,,,,,,,KR,MAS,267,310,325,463.6,14.03,449.6,,0,,,,,,,,,,,,,,,,,,,,,,,,,,,,,,
PACL,2022-PACL-WNR-018,WNR,6/9/22,3,T,4,4.658,4.658,4.159,"yes, MAS altered",KR,MAS,220,265,275,272.8,18.18,254.6,289,255,287.6,196.1,91.5,,,,,,,,,,,,,,,,,,,,,,,,,,,
PACL,2022-PACL-WNR-019,WNR,6/9/22,2,T,3,4.287,4.287,3.953,"yes, MAS altered",KR,MAS,186,226,234,191.0,3.00,188.0,264,241,217.3,164.9,52.4,,,,,,,,,,,,,,,,,,,,,,,,,,,
PACL,2022-PACL-WNR-020,WNR,6/9/22,6,T,7,4.772,4.772,4.484,"yes, MAS altered",KR,MAS,243,296,309,411.7,20.95,390.8,296,277,312.0,253.0,59.0,,,,,,,,,,,,,,,,,,,,,,,,,,,
PACL,2022-PACL-WNR-021,WNR,6/9/22,2,T,3,4.166,4.166,3.682,"yes, MAS altered",KR,MAS,191,238,244,206.2,2.17,204.0,256,223,197.2,129.3,67.9,,,,,,,,,,,,,,,,,,,,,,,,,,,
PACL,2022-PACL-WNR-022,WNR,6/9/22,,,,,,,"don't use, no otoliths",KR,MAS,250,304,321,455.5,22.79,432.7,,0,,,,,,,,,,,,,,,,,,,,,,,,,,,,,,
PACL,2022-PACL-WNR-023,WNR,6/9/22,5,T,6,4.518,4.518,4.365,"yes, MAS altered",KR,MAS,221,268,279,295.4,12.98,282.4,279,269,259.5,231.0,28.5,,,,,,,,,,,,,,,,,,,,,,,,,,,
PACL,2022-PACL-WNR-024,WNR,6/21/22,7,T,8,6.009,6.009,5.803,"yes, MAS altered",KR,MAS,293,350,362,651.1,18.72,632.4,379,365,671.9,598.8,73.2,,,,,,,,,,,,,,,,,,,,,,,,,,,
PACL,2022-PACL-WNR-025,WNR,6/21/22,9,T,10,5.986,5.986,5.866,"yes, MAS altered",KR,MAS,315,370,384,762.5,74.49,688.0,378,370,663.5,620.5,43.0,,,,,,,,,,,,,,,,,,,,,,,,,,,
PACL,2022-PACL-WNR-026,WNR,6/21/22,7,T,8,5.342,5.342,5.103,"yes, MAS altered",KR,MAS,282,335,356,571.6,43.55,528.1,334,318,454.9,390.5,64.4,,,,,,,,,,,,,,,,,,,,,,,,,,,
PACL,2022-PACL-WNR-027,WNR,6/21/22,8,T,9,5.098,5.098,4.841,"yes, MAS altered",KR,MAS,274,327,341,491.5,27.82,463.7,318,301,389.3,327.4,61.9,,,,,,,,,,,,,,,,,,,,,,,,,,,
PACL,2022-PACL-WNR-028,WNR,6/21/22,5,T,6,5.286,5.286,4.763,"yes, MAS altered",KR,MAS,276,329,340,389.2,21.93,367.3,331,296,439.2,310.0,129.2,,,,,,,,,,,,,,,,,,,,,,,,,,,
PACL,2022-PACL-WNR-029,WNR,6/21/22,6,T,7,5.253,5.253,4.794,"yes, MAS altered",KR,MAS,282,338,348,576.9,25.03,551.9,328,298,430.2,316.8,113.3,,,,,,,,,,,,,,,,,,,,,,,,,,,
PACL,2022-PACL-WNR-030,WNR,6/21/22,5,T,6,5.432,5.432,4.822,"yes, MAS altered",KR,MAS,273,327,340,456.4,17.71,438.7,340,300,480.9,323.1,157.8,,,,,,,,,,,,,,,,,,,,,,,,,,,
PACL,2022-PACL-WNR-031,WNR,6/21/22,6,T,7,4.656,4.656,4.469,"yes, MAS altered",KR,MAS,236,282,294,304.1,8.53,295.6,288,276,287.2,250.2,37.1,,,,,,,,,,,,,,,,,,,,,,,,,,,
PACL,2022-PACL-WNR-032,WNR,6/21/22,7,T,8,5.358,5.358,5.118,"yes, MAS altered",KR,MAS,268,322,336,504.9,31.03,473.9,336,319,459.5,394.4,65.1,,,,,,,,,,,,,,,,,,,,,,,,,,,
PACL,2022-PACL-WNR-033,WNR,6/21/22,8,T,9,5.659,5.659,5.494,"yes, MAS altered",KR,MAS,302,356,370,645.7,25.83,619.9,356,345,550.9,499.4,51.5,,,,,,,,,,,,,,,,,,,,,,,,,,,
PACL,2022-PACL-WNR-034,WNR,6/21/22,7,T,8,5.397,5.397,5.060,"yes, MAS altered",KR,MAS,274,330,341,514.4,17.34,497.1,338,316,470.7,379.6,91.0,,,,,,,,,,,,,,,,,,,,,,,,,,,
PACL,2022-PACL-WNR-035,WNR,6/21/22,7,T,8,4.984,4.984,4.688,"yes, MAS altered",KR,MAS,287,341,355,551.2,21.58,529.6,310,291,360.9,293.9,67.0,,,,,,,,,,,,,,,,,,,,,,,,,,,
PACL,2022-PACL-WNR-036,WNR,6/21/22,4,T,5,5.451,5.451,4.904,"yes, MAS altered",KR,MAS,262,312,326,402.6,12.52,390.1,342,305,486.5,341.9,144.6,,,,,,,,,,,,,,,,,,,,,,,,,,,
PACL,2022-PACL-WNR-037,WNR,6/21/22,9,T,10,5.005,5.005,4.852,"yes, MAS altered",KR,MAS,287,345,359,567.7,21.80,545.9,312,302,366.0,329.9,36.1,,,,,,,,,,,,,,,,,,,,,,,,,,,
PACL,2022-PACL-WNR-038,WNR,6/21/22,9,T,10,5.768,5.768,5.457,"yes, MAS altered",KR,MAS,273,329,342,490.7,18.76,471.9,363,342,586.9,488.3,98.6,,,,,,,,,,,,,,,,,,,,,,,,,,,
PACL,2022-PACL-WNR-039,WNR,6/21/22,7,T,8,5.243,5.243,5.058,"yes, MAS altered",KR,MAS,281,336,350,490.1,14.71,475.4,328,315,427.4,379.1,48.3,,,,,,,,,,,,,,,,,,,,,,,,,,,
PACL,2022-PACL-WNR-040,WNR,6/21/22,6,T,7,4.675,4.675,4.386,"yes, MAS altered",KR,MAS,258,309,324,422.0,15.87,406.1,290,270,291.2,234.8,56.4,,,,,,,,,,,,,,,,,,,,,,,,,,,
PACL,2022-PACL-WNR-041,WNR,6/21/22,9,T,10,5.463,5.463,5.307,"yes, MAS altered",KR,MAS,314,370,386,755.6,29.41,726.2,343,332,490.1,445.1,45.0,,,,,,,,,,,,,,,,,,,,,,,,,,,
PACL,2022-PACL-WNR-042,WNR,6/21/22,5,T,6,5.178,5.178,4.800,"yes, MAS altered",KR,MAS,268,320,335,443.3,17.87,425.4,323,298,410.0,318.2,91.9,,,,,,,,,,,,,,,,,,,,,,,,,,,
PACL,2022-PACL-WNR-043,WNR,6/21/22,9,T,10,5.761,5.761,5.440,"yes, MAS altered",KR,MAS,291,345,360,648.9,26.72,622.2,363,341,584.5,483.3,101.3,,,,,,,,,,,,,,,,,,,,,,,,,,,
PACL,2022-PACL-WNR-044,WNR,6/21/22,5,T,6,4.900,4.900,4.425,"yes, MAS altered",KR,MAS,236,281,290,343.5,13.69,329.8,305,273,340.9,241.9,99.0,,,,,,,,,,,,,,,,,,,,,,,,,,,
PACL,2022-PACL-WNR-045,WNR,6/21/22,,,,,,,,KR,MAS,302,356,370,706.2,34.88,671.3,,0,,,,,,,,,,,,,,,,,,,,,,,,,,,,,,
PACL,2022-PACL-WNR-046,WNR,6/21/22,,,,,,,,KR,MAS,243,290,302,344.2,10.38,333.8,,0,,,,,,,,,,,,,,,,,,,,,,,,,,,,,,
PACL,2022-PACL-WNR-047,WNR,6/21/22,,,,,,,,KR,MAS,259,309,322,434.6,16.97,417.6,,0,,,,,,,,,,,,,,,,,,,,,,,,,,,,,,
PACL,2022-PACL-WNR-048,WNR,7/6/22,5,T,6,4.496,4.496,4.056,"yes, MAS altered",KR,MAS,223,265,276,238.0,16.30,221.7,278,248,255.3,180.1,75.2,,,,,,,,,,,,,,,,,,,,,,,,,,,
PACL,2022-PACL-WNR-049,WNR,7/6/22,5,T,6,5.191,5.191,4.912,"yes, MAS altered",KR,MAS,266,318,330,451.3,18.02,433.3,324,306,413.5,343.8,69.7,,,,,,,,,,,,,,,,,,,,,,,,,,,
PACL,2022-PACL-WNR-050,WNR,7/6/22,5,T,6,5.335,5.335,4.814,"yes, MAS altered",KR,MAS,255,306,314,411.5,20.14,391.4,334,299,452.9,321.3,131.6,,,,,,,,,,,,,,,,,,,,,,,,,,,
PACL,2022-PACL-WNR-051,WNR,7/20/22,,,,,,,,KR,MAS,266,324,335,535.5,33.29,502.2,,0,,,,,,,,,,,,,,,,,,,,,,,,,,,,,,
PACL,2022-PACL-WNR-052,WNR,7/20/22,5,T,6,5.170,5.170,4.729,"yes, MAS altered",KR,MAS,253,307,320,400.8,21.30,379.5,323,293,407.9,302.6,105.3,,,,,,,,,,,,,,,,,,,,,,,,,,,
PACL,2022-PACL-WNR-053,WNR,8/2/22,7,T,8,5.300,5.300,5.098,"yes, MAS altered",KR,MAS,270,324,342,466.5,13.48,453.0,332,318,443.1,389.3,53.9,,,,,,,,,,,,,,,,,,,,,,,,,,,
PACL,2022-PACL-WNR-054,WNR,8/2/22,4,T,5,5.308,5.308,4.989,"yes, MAS altered",KR,MAS,249,300,314,393.0,14.29,378.7,332,311,445.4,362.1,83.2,,,,,,,,,,,,,,,,,,,,,,,,,,,
PACL,2022-PACL-WNR-055,WNR,8/2/22,6,T,7,5.545,5.545,5.227,"yes, MAS altered",KR,MAS,265,319,333,488.1,22.69,465.4,348,327,515.0,423.1,91.9,,,,,,,,,,,,,,,,,,,,,,,,,,,
PACL,2022-PACL-WNR-056,WNR,8/2/22,6,T,7,4.833,4.833,4.480,"yes, MAS altered",KR,MAS,246,299,315,394.7,11.75,383.0,300,277,325.6,252.2,73.3,,,,,,,,,,,,,,,,,,,,,,,,,,,
PACL,2022-PACL-WNR-057,WNR,8/2/22,7,T,8,5.188,5.188,4.806,"yes, MAS altered",KR,MAS,250,299,315,445.4,16.87,428.5,324,298,412.7,319.5,93.2,,,,,,,,,,,,,,,,,,,,,,,,,,,
PACL,2022-PACL-WNR-058,WNR,8/2/22,5,T,6,5.183,5.183,4.535,"yes, MAS altered",KR,MAS,241,295,304,372.8,18.09,354.7,324,280,411.3,262.8,148.5,,,,,,,,,,,,,,,,,,,,,,,,,,,
PACL,2022-PACL-WNR-059,WNR,8/2/22,7,T,8,5.517,5.517,4.965,"yes, MAS altered",KR,MAS,258,309,318,470.1,6.49,463.6,346,309,506.4,356.3,150.1,,,,,,,,,,,,,,,,,,,,,,,,,,,
PACL,2022-PACL-WNR-060,WNR,8/2/22,5,T,6,5.299,5.299,4.631,"yes, MAS altered",KR,MAS,233,286,296,294.6,10.80,283.8,332,287,442.8,282.1,160.8,,,,,,,,,,,,,,,,,,,,,,,,,,,
PACL,2022-PACL-WNR-061,WNR,8/2/22,7,T,8,5.803,5.803,5.582,"yes, MAS altered",KR,MAS,270,326,340,482.6,26.13,456.5,365,351,598.8,526.5,72.3,,,,,,,,,,,,,,,,,,,,,,,,,,,
PACL,2022-PACL-WNR-062,WNR,8/2/22,8,O,8,5.497,5.371,5.206,"yes, MAS altered",KR,MAS,281,337,351,600.4,42.46,557.9,336,325,463.2,417.5,45.7,,,,,,,,,,,,,,,,,,,,,,,,,,,
PACL,2022-PACL-WNR-063,WNR,8/2/22,6,T,7,5.362,5.362,5.040,"yes, MAS altered",KR,MAS,244,296,309,343.8,9.31,334.5,336,314,460.6,374.7,86.0,,,,,,,,,,,,,,,,,,,,,,,,,,,
PACL,2022-PACL-WNR-064,WNR,8/2/22,6,T,7,5.378,5.378,5.149,"yes, MAS altered",KR,MAS,245,297,308,404.6,17.57,387.0,337,321,465.2,402.4,62.8,,,,,,,,,,,,,,,,,,,,,,,,,,,
PACL,2022-PACL-WNR-065,WNR,8/2/22,5,T,6,5.175,5.175,4.666,"yes, MAS",KR,MAS,250,303,314,403.9,10.98,392.9,323,289,409.2,289.3,119.9,,,,,,,,,,,,,,,,,,,,,,,,,,,
PACL,2022-PACL-WNR-066,WNR,8/2/22,5,T,6,4.951,4.951,4.320,"yes, MAS altered",KR,MAS,230,285,299,386.0,11.22,374.8,308,266,353.0,223.1,129.9,,,,,,,,,,,,,,,,,,,,,,,,,,,
PACL,2022-PACL-WNR-067,WNR,8/2/22,4,T,5,4.465,4.465,4.066,"yes, MAS altered",KR,MAS,206,251,260,216.6,5.96,210.6,276,249,249.4,181.6,67.8,,,,,,,,,,,,,,,,,,,,,,,,,,,
PACL,2022-PACL-WNR-068,WNR,8/2/22,9,T,10,5.493,5.493,5.275,"yes, MAS altered",KR,MAS,270,327,340,479.5,16.95,462.6,345,330,499.1,436.2,62.9,,,,,,,,,,,,,,,,,,,,,,,,,,,
PACL,2022-PACL-WNR-069,WNR,8/2/22,8,T,9,5.197,5.197,4.891,"yes, MAS altered",KR,MAS,280,334,348,581.2,16.65,564.6,325,304,415.1,338.9,76.2,,,,,,,,,,,,,,,,,,,,,,,,,,,
PACL,2022-PACL-WNR-070,WNR,8/2/22,6,T,7,4.708,4.708,4.369,"yes, MAS altered",KR,MAS,209,257,267,262.9,10.55,252.4,292,269,298.1,231.7,66.4,,,,,,,,,,,,,,,,,,,,,,,,,,,
PACL,2022-PACL-WNR-071,WNR,8/2/22,7,T,8,5.446,5.446,5.005,"yes, MAS altered",KR,MAS,261,319,329,513.4,17.53,495.9,341,312,485.1,366.0,119.0,,,,,,,,,,,,,,,,,,,,,,,,,,,
PACL,2022-PACL-WNR-072,WNR,8/2/22,7,T,8,4.673,4.673,4.582,"don't use, poor structure",KR,MAS,239,285,296,313.3,11.64,301.7,,,,,,,,,,,,,,,,,,,,,,,,,,,,,,,,
PACL,2022-PACL-WNR-073,WNR,8/2/22,,,,,,,"don't use, no otoliths",KR,MAS,246,300,310,347.9,15.22,332.7,,0,,,,,,,,,,,,,,,,,,,,,,,,,,,,,,
PACL,2022-PACL-WNR-074,WNR,8/2/22,2,T,3,4.290,4.290,3.532,"yes, MAS altered",KR,MAS,191,234,243,161.6,0.97,160.6,264,213,217.9,112.0,105.8,,,,,,,,,,,,,,,,,,,,,,,,,,,
PACL,2022-PACL-WNR-075,WNR,8/2/22,5,T,6,5.629,5.629,5.223,"yes, MAS altered",KR,MAS,270,325,336,522.0,17.03,505.0,354,326,541.3,422.0,119.3,,,,,,,,,,,,,,,,,,,,,,,,,,,
PACL,2022-PACL-WNR-076,WNR,8/2/22,,,,,,,,KR,MAS,293,350,363,596.1,19.89,576.2,,0,,,,,,,,,,,,,,,,,,,,,,,,,,,,,,
PACL,2022-PACL-WNR-077,WNR,8/2/22,,,,,,,,KR,MAS,264,316,332,454.7,21.92,432.8,,0,,,,,,,,,,,,,,,,,,,,,,,,,,,,,,
PACL,2022-PACL-WNR-078,WNR,8/2/22,,,,,,,,KR,MAS,230,281,290,339.7,9.56,330.1,,0,,,,,,,,,,,,,,,,,,,,,,,,,,,,,,
PACL,2022-PACL-WNR-079,WNR,8/2/22,,,,,,,,KR,MAS,227,273,286,321.0,12.08,308.9,,0,,,,,,,,,,,,,,,,,,,,,,,,,,,,,,
PACL,2022-PACL-WNR-080,WNR,8/2/22,,,,,,,,KR,MAS,235,283,293,330.4,9.00,321.4,,0,,,,,,,,,,,,,,,,,,,,,,,,,,,,,,
PACL,2022-PACL-WNR-081,WNR,8/2/22,,,,,,,,KR,MAS,415,490,512,1825.7,69.64,1756.1,,0,,,,,,,,,,,,,,,,,,,,,,,,,,,,,,
PACL,2022-PACL-WNR-082,WNR,8/9/22,3,T,4,3.545,3.545,3.074,"yes, MAS altered",KR,MAS,166,204,210,118.0,1.54,116.5,214,182,113.5,69.1,44.4,,,,,,,,,,,,,,,,,,,,,,,,,,,
PACL,2022-PACL-WNR-083,WNR,8/9/22,5,O,5,4.878,4.741,4.352,"yes, MAS altered",KR,MAS,237,289,293,294.8,11.68,283.1,294,268,305.2,228.7,76.5,,,,,,,,,,,,,,,,,,,,,,,,,,,
PACL,2022-PACL-WNR-084,WNR,8/9/22,6,O,6,4.797,4.650,4.207,"yes, MAS altered",KR,MAS,239,289,298,318.6,15.74,302.9,288,258,286.0,203.9,82.1,,,,,,,,,,,,,,,,,,,,,,,,,,,
PACL,2022-PACL-WNR-085,WNR,8/9/22,4,T,5,4.772,4.772,4.156,"yes, MAS altered",KR,MAS,240,280,295,327.2,14.03,313.2,296,255,312.0,195.6,116.4,,,,,,,,,,,,,,,,,,,,,,,,,,,
PACL,2022-PACL-WNR-086,WNR,8/9/22,7,T,8,5.279,5.279,4.966,"yes, MAS altered",KR,MAS,270,320,335,483.8,29.53,454.3,330,309,437.3,356.6,80.7,,,,,,,,,,,,,,,,,,,,,,,,,,,
PACL,2022-PACL-WNR-087,WNR,8/9/22,5,T,6,5.439,5.439,4.762,"yes, MAS altered",KR,MAS,272,325,339,523.9,23.11,500.8,341,296,483.0,309.8,173.2,,,,,,,,,,,,,,,,,,,,,,,,,,,
PACL,2022-PACL-WNR-088,WNR,8/16/22,6,O,6,4.708,4.606,4.339,"yes, MAS altered",KR,MAS,246,298,304,306.8,6.06,300.7,285,267,277.0,226.4,50.6,,,,,,,,,,,,,,,,,,,,,,,,,,,
PACL,2022-PACL-WNR-089,WNR,8/16/22,3,T,4,3.876,3.876,3.582,"yes, MAS altered",KR,MAS,185,221,228,142.1,0.26,141.8,236,216,154.2,117.6,36.6,,,,,,,,,,,,,,,,,,,,,,,,,,,
PACL,2022-PACL-WNR-090,WNR,8/16/22,7,T,8,5.509,5.509,5.213,"yes, MAS altered",KR,MAS,277,331,344,509.5,12.38,497.1,346,326,503.9,419.3,84.6,,,,,,,,,,,,,,,,,,,,,,,,,,,
PACL,2022-PACL-WNR-091,WNR,8/16/22,6,T,7,5.555,5.555,5.022,"yes, MAS altered",KR,MAS,266,319,331,394.4,13.58,380.8,349,313,518.1,370.2,147.9,,,,,,,,,,,,,,,,,,,,,,,,,,,
PACL,2022-PACL-WNR-092,WNR,8/16/22,4,T,5,4.815,4.815,4.161,"yes, MAS altered",KR,MAS,226,271,285,283.9,11.29,272.6,299,255,321.5,196.4,125.1,,,,,,,,,,,,,,,,,,,,,,,,,,,
PACL,2022-PACL-WNR-093,WNR,8/16/22,5,T,6,4.324,4.324,3.857,"yes, MAS altered",KR,MAS,230,275,284,275.7,10.91,264.8,266,235,223.8,151.6,72.1,,,,,,,,,,,,,,,,,,,,,,,,,,,
PACL,2022-PACL-WNR-094,WNR,8/16/22,6,T,7,5.409,5.409,4.972,"yes, MAS altered",KR,MAS,273,325,340,472.2,15.03,457.2,339,310,474.2,358.0,116.2,,,,,,,,,,,,,,,,,,,,,,,,,,,
PACL,2022-PACL-WNR-095,WNR,8/16/22,7,T,8,5.192,5.192,4.914,"yes, MAS altered",KR,MAS,285,340,351,555.4,21.53,533.9,324,306,413.7,344.2,69.5,,,,,,,,,,,,,,,,,,,,,,,,,,,
PACL,2022-PACL-WNR-096,WNR,8/16/22,4,T,5,4.824,4.824,4.260,"yes, MAS altered",KR,MAS,227,271,282,295.5,10.52,285.0,300,262,323.5,212.7,110.8,,,,,,,,,,,,,,,,,,,,,,,,,,,
PACL,2022-PACL-WNR-097,WNR,8/16/22,9,T,10,5.650,5.650,5.491,"yes, MAS altered",KR,MAS,290,345,362,527.4,16.05,511.4,355,344,548.0,498.5,49.5,,,,,,,,,,,,,,,,,,,,,,,,,,,
PACL,2022-PACL-WNR-098,WNR,8/16/22,,,,,,,,KR,MAS,274,326,341,491.4,10.25,481.2,,0,,,,,,,,,,,,,,,,,,,,,,,,,,,,,,
PACL,2022-PACL-WNR-099,WNR,8/16/22,,,,,,,,KR,MAS,255,305,319,361.5,10.95,350.6,,0,,,,,,,,,,,,,,,,,,,,,,,,,,,,,,
PACL,2022-PACL-WNR-100,WNR,8/16/22,,,,,,,,KR,MAS,245,295,306,352.5,8.02,344.5,,0,,,,,,,,,,,,,,,,,,,,,,,,,,,,,,
PACL,2022-PACL-WNR-101,WNR,8/16/22,,,,,,,,KR,MAS,253,300,312,321.0,10.12,310.9,,0,,,,,,,,,,,,,,,,,,,,,,,,,,,,,,
PACL,2022-PACL-WNR-102,WNR,8/16/22,,,,,,,,KR,MAS,255,303,315,398.7,17.61,381.1,,0,,,,,,,,,,,,,,,,,,,,,,,,,,,,,,
PACL,2022-PACL-WNR-103,WNR,8/16/22,,,,,,,,KR,MAS,232,275,287,266.0,11.15,254.9,,0,,,,,,,,,,,,,,,,,,,,,,,,,,,,,,
PACL,2022-PACL-WNR-104,WNR,8/17/22,7,T,8,5.687,5.687,5.455,"yes, MAS altered",KR,MAS,274,330,342,486.4,17.28,469.1,358,342,560.0,487.7,72.3,,,,,,,,,,,,,,,,,,,,,,,,,,,
PACL,2022-PACL-WNR-105,WNR,8/17/22,6,T,7,5.592,5.592,5.379,"yes, MAS altered",KR,MAS,340,405,427,1001.9,27.98,973.9,351,337,529.6,465.5,64.1,,,,,,,,,,,,,,,,,,,,,,,,,,,
PACL,2022-PACL-WNR-106,WNR,8/17/22,8,T,9,5.616,5.616,5.414,"yes, MAS altered",KR,MAS,315,380,397,815.0,49.92,765.1,353,339,537.2,475.6,61.5,,,,,,,,,,,,,,,,,,,,,,,,,,,
PACL,2022-PACL-WNR-107,WNR,8/17/22,8,T,9,5.273,5.273,4.892,"yes, MAS altered",KR,MAS,276,333,347,359.6,20.26,339.3,330,304,435.6,339.1,96.6,,,,,,,,,,,,,,,,,,,,,,,,,,,
PACL,2022-PACL-WNR-108,WNR,8/17/22,5,T,6,5.280,5.280,4.685,"yes, MAS altered",KR,MAS,254,305,316,389.5,14.66,374.8,330,290,437.6,293.3,144.3,,,,,,,,,,,,,,,,,,,,,,,,,,,
PACL,2022-PACL-WNR-109,WNR,8/17/22,14,T,15,6.832,6.832,6.589,"yes, MAS altered",KR,MAS,364,439,453,1592.6,55.24,1537.4,434,418,1025.0,910.2,114.8,,,,,,,,,,,,,,,,,,,,,,,,,,,
PACL,2022-PACL-WNR-110,WNR,8/18/22,7,T,8,5.637,5.637,5.387,"yes, MAS altered",KR,MAS,280,336,349,516.5,18.12,498.4,354,337,543.9,467.8,76.1,,,,,,,,,,,,,,,,,,,,,,,,,,,
PACL,2022-PACL-WNR-111,WNR,8/18/22,10,T,11,6.074,6.074,5.935,"yes, MAS altered",KR,MAS,338,402,416,973.9,46.33,927.6,384,374,696.2,645.0,51.2,,,,,,,,,,,,,,,,,,,,,,,,,,,
PACL,2022-PACL-WNR-112,WNR,8/25/22,6,T,7,5.175,5.175,4.472,"yes, MAS altered",KR,MAS,263,312,320,400.0,14.30,385.7,323,276,409.2,250.7,158.5,,,,,,,,,,,,,,,,,,,,,,,,,,,
PACL,2022-PACL-WNR-113,WNR,8/25/22,7,T,8,5.132,5.132,4.908,"yes, MAS altered",KR,MAS,270,329,341,474.3,15.97,458.3,320,305,398.0,342.8,55.2,,,,,,,,,,,,,,,,,,,,,,,,,,,
PACL,2022-PACL-WNR-114,WNR,8/25/22,,,,,,,"don't use, no otoliths",KR,MAS,254,310,320,418.0,15.72,402.3,,0,,,,,,,,,,,,,,,,,,,,,,,,,,,,,,
PACL,2022-PACL-WNR-115,WNR,8/25/22,7,T,8,4.732,4.732,4.309,"yes, MAS altered",KR,MAS,239,289,300,345.0,20.59,324.4,294,265,303.3,221.1,82.1,,,,,,,,,,,,,,,,,,,,,,,,,,,
PACL,2022-PACL-WNR-116,WNR,8/25/22,7,T,8,5.411,5.411,5.160,"yes, MAS altered",KR,MAS,300,359,375,708.7,21.63,687.1,339,322,474.8,405.3,69.5,,,,,,,,,,,,,,,,,,,,,,,,,,,
PACL,2022-PACL-WNR-117,WNR,8/25/22,,,,,,,"don't use, no otoliths",KR,MAS,273,326,336,438.7,12.77,425.9,,0,,,,,,,,,,,,,,,,,,,,,,,,,,,,,,
PACL,2022-PACL-WNR-118,WNR,8/25/22,7,T,8,5.232,5.232,4.782,"yes, MAS altered",KR,MAS,262,314,324,403.4,12.59,390.8,327,297,424.5,314.2,110.3,,,,,,,,,,,,,,,,,,,,,,,,,,,
PACL,2022-PACL-WNR-119,WNR,8/25/22,8,T,9,5.519,5.519,5.356,"yes, MAS altered",KR,MAS,305,369,384,687.9,38.76,649.1,346,335,507.0,458.9,48.1,,,,,,,,,,,,,,,,,,,,,,,,,,,
PACL,2022-PACL-WNR-120,WNR,8/25/22,7,T,8,5.596,5.596,5.360,"yes, MAS altered",KR,MAS,279,335,346,533.4,20.58,512.8,351,336,530.9,460.0,70.8,,,,,,,,,,,,,,,,,,,,,,,,,,,
PACL,2022-PACL-WNR-121,WNR,8/25/22,7,T,8,5.326,5.326,5.077,"yes, MAS altered",KR,MAS,281,340,343,466.3,13.22,453.1,333,317,450.4,383.9,66.5,,,,,,,,,,,,,,,,,,,,,,,,,,,
PACL,2022-PACL-WNR-122,WNR,8/25/22,8,T,9,5.581,5.581,5.320,"yes, MAS altered",KR,MAS,302,361,375,609.7,33.72,576.0,350,333,526.1,448.7,77.4,,,,,,,,,,,,,,,,,,,,,,,,,,,
PACL,2022-PACL-WNR-123,WNR,8/25/22,11,T,12,6.040,6.040,5.648,"yes, MAS altered",KR,MAS,334,399,415,962.2,43.04,919.2,381,355,683.5,547.4,136.1,,,,,,,,,,,,,,,,,,,,,,,,,,,
PACL,2022-PACL-WNR-124,WNR,8/25/22,4,T,5,4.480,4.480,3.741,"yes, MAS altered",KR,MAS,230,276,285,260.7,9.81,250.9,277,227,252.2,136.6,115.7,,,,,,,,,,,,,,,,,,,,,,,,,,,
PACL,2022-PACL-WNR-125,WNR,8/25/22,7,T,8,5.837,5.837,5.456,"yes, MAS altered",KR,MAS,270,324,335,468.4,13.84,454.6,368,342,610.4,488.0,122.4,,,,,,,,,,,,,,,,,,,,,,,,,,,
PACL,2022-PACL-WNR-126,WNR,8/25/22,,,,,,,,KR,MAS,280,339,350,530.8,7.33,523.5,,0,,,,,,,,,,,,,,,,,,,,,,,,,,,,,,
PACL,2022-PACL-WNR-127,WNR,8/25/22,,,,,,,,KR,MAS,295,355,372,651.4,27.54,623.9,,0,,,,,,,,,,,,,,,,,,,,,,,,,,,,,,
PACL,2022-PACL-WNR-128,WNR,8/25/22,,,,,,,,KR,MAS,284,340,360,543.5,19.29,524.2,,0,,,,,,,,,,,,,,,,,,,,,,,,,,,,,,
PACL,2022-PACL-WNR-129,WNR,8/25/22,,,,,,,,KR,MAS,294,357,374,670.4,22.35,648.1,,0,,,,,,,,,,,,,,,,,,,,,,,,,,,,,,
PACL,2022-PACL-WNR-130,WNR,8/25/22,,,,,,,,KR,MAS,299,355,375,629.4,23.46,605.9,,0,,,,,,,,,,,,,,,,,,,,,,,,,,,,,,
PACL,2022-PACL-WNR-131,WNR,8/25/22,,,,,,,,KR,MAS,329,397,413,888.3,23.35,865.0,,0,,,,,,,,,,,,,,,,,,,,,,,,,,,,,,
PACL,2022-PACL-WNR-132,WNR,8/25/22,,,,,,,,KR,MAS,250,305,315,392.1,15.70,376.4,,0,,,,,,,,,,,,,,,,,,,,,,,,,,,,,,
PACL,2022-PACL-WNR-133,WNR,8/25/22,,,,,,,,KR,MAS,269,324,335,418.3,16.66,401.6,,0,,,,,,,,,,,,,,,,,,,,,,,,,,,,,,
PACL,2022-PACL-WNR-134,WNR,8/25/22,,,,,,,,KR,MAS,285,344,350,559.8,25.73,534.1,,0,,,,,,,,,,,,,,,,,,,,,,,,,,,,,,
PACL,2022-PACL-WNR-135,WNR,8/25/22,,,,,,,,KR,MAS,275,333,345,496.5,40.02,456.5,,0,,,,,,,,,,,,,,,,,,,,,,,,,,,,,,
PACL,2022-PACL-WNR-136,WNR,8/25/22,,,,,,,,KR,MAS,333,405,416,952.2,29.96,922.2,,0,,,,,,,,,,,,,,,,,,,,,,,,,,,,,,
PACL,2022-PACL-WNR-137,WNR,8/25/22,,,,,,,,KR,MAS,305,365,378,669.2,29.31,639.9,,0,,,,,,,,,,,,,,,,,,,,,,,,,,,,,,
PACL,2022-PACL-WNR-138,WNR,8/25/22,,,,,,,,KR,MAS,291,347,363,558.0,12.24,545.8,,0,,,,,,,,,,,,,,,,,,,,,,,,,,,,,,
PACL,2022-PACL-WNR-139,WNR,8/25/22,,,,,,,,KR,MAS,339,405,420,948.8,29.08,919.7,,0,,,,,,,,,,,,,,,,,,,,,,,,,,,,,,
PACL,2022-PACL-WNR-140,WNR,8/25/22,,,,,,,,KR,MAS,261,315,325,423.2,15.80,407.4,,0,,,,,,,,,,,,,,,,,,,,,,,,,,,,,,
PACL,2022-PACL-WNR-141,WNR,8/25/22,,,,,,,,KR,MAS,289,349,363,570.5,15.43,555.1,,0,,,,,,,,,,,,,,,,,,,,,,,,,,,,,,
PACL,2022-PACL-WNR-142,WNR,9/1/22,,,,,,,,KR,MAS,270,322,334,443.6,5.30,438.3,,0,,,,,,,,,,,,,,,,,,,,,,,,,,,,,,
PACL,2022-PACL-WNR-143,WNR,9/1/22,,,,,,,,KR,MAS,240,285,297,295.0,9.07,285.9,,0,,,,,,,,,,,,,,,,,,,,,,,,,,,,,,
PACL,2022-PACL-WNR-144,WNR,9/1/22,,,,,,,,KR,MAS,184,222,227,137.6,0.40,137.2,,0,,,,,,,,,,,,,,,,,,,,,,,,,,,,,,
PACL,2022-PACL-WNR-145,WNR,9/1/22,,,,,,,,KR,MAS,170,207,214,111.8,1.70,110.1,,0,,,,,,,,,,,,,,,,,,,,,,,,,,,,,,
PACL,2022-PACL-WNR-146,WNR,9/14/22,,,,,,,,KR,MAS,240,288,303,282.7,1.16,281.5,,0,,,,,,,,,,,,,,,,,,,,,,,,,,,,,,
PACL,2022-PACL-WNR-147,WNR,9/14/22,,,,,,,,KR,MAS,255,305,317,397.6,3.16,394.4,,0,,,,,,,,,,,,,,,,,,,,,,,,,,,,,,
PACL,2022-PACL-WNR-148,WNR,9/14/22,,,,,,,,KR,MAS,295,355,372,578.7,2.76,575.9,,0,,,,,,,,,,,,,,,,,,,,,,,,,,,,,,
PACL,2022-PACL-WNR-149,WNR,9/14/22,,,,,,,,KR,MAS,189,228,238,160.1,2.29,157.8,,0,,,,,,,,,,,,,,,,,,,,,,,,,,,,,,
PACL,2022-PACL-WNR-150,WNR,9/14/22,,,,,,,,KR,MAS,223,271,280,256.6,3.29,253.3,,0,,,,,,,,,,,,,,,,,,,,,,,,,,,,,,
PACL,2022-PACL-WNR-151,WNR,9/14/22,,,,,,,,KR,MAS,295,350,363,564.9,6.44,558.5,,0,,,,,,,,,,,,,,,,,,,,,,,,,,,,,,
PACL,2022-PACL-WNR-152,WNR,9/14/22,,,,,,,,KR,MAS,211,258,269,207.7,3.98,203.7,,0,,,,,,,,,,,,,,,,,,,,,,,,,,,,,,
PACL,2022-PACL-WNR-153,WNR,9/14/22,,,,,,,,KR,MAS,263,316,329,415.2,3.71,411.5,,0,,,,,,,,,,,,,,,,,,,,,,,,,,,,,,
PACL,2022-PACL-WNR-154,WNR,9/14/22,,,,,,,,KR,MAS,238,288,298,291.7,7.48,284.2,,0,,,,,,,,,,,,,,,,,,,,,,,,,,,,,,
PACL,2022-PACL-WNR-155,WNR,9/28/22,,,,,,,,KR,MAS,196,235,246,185.1,0.68,184.4,,0,,,,,,,,,,,,,,,,,,,,,,,,,,,,,,
PACL,2022-PACL-WNR-156,WNR,9/28/22,,,,,,,,KR,MAS,173,209,217,117.0,0.98,116.0,,0,,,,,,,,,,,,,,,,,,,,,,,,,,,,,,
PACL,2022-PACL-WNR-157,WNR,9/28/22,,,,,,,,KR,MAS,225,268,279,260.1,1.77,258.3,,0,,,,,,,,,,,,,,,,,,,,,,,,,,,,,,
PACL,2022-PACL-WNR-158,WNR,9/28/22,,,,,,,,KR,MAS,230,274,280,256.6,1.09,255.5,,0,,,,,,,,,,,,,,,,,,,,,,,,,,,,,,
PACL,2022-PACL-WNR-159,WNR,9/28/22,,,,,,,,KR,MAS,281,338,354,536.0,5.86,530.1,,0,,,,,,,,,,,,,,,,,,,,,,,,,,,,,,
PACL,2022-PACL-WNR-160,WNR,9/28/22,,,,,,,,KR,MAS,265,319,331,397.0,7.94,389.1,,0,,,,,,,,,,,,,,,,,,,,,,,,,,,,,,
PACL,2022-PACL-WNR-161,WNR,9/28/22,,,,,,,,KR,MAS,243,290,301,340.4,4.23,336.2,,0,,,,,,,,,,,,,,,,,,,,,,,,,,,,,,
PACL,2022-PACL-WNR-162,WNR,9/28/22,,,,,,,,KR,MAS,220,269,280,203.2,0.51,202.7,,0,,,,,,,,,,,,,,,,,,,,,,,,,,,,,,
PACL,2022-PACL-WNR-163,WNR,9/28/22,,,,,,,,KR,MAS,294,350,366,561.3,3.96,557.3,,0,,,,,,,,,,,,,,,,,,,,,,,,,,,,,,
PACL,2022-PACL-WNR-164,WNR,9/28/22,,,,,,,,KR,MAS,249,299,312,359.0,1.89,357.1,,0,,,,,,,,,,,,,,,,,,,,,,,,,,,,,,
PACL,2022-PACL-WNR-165,WNR,9/28/22,,,,,,,,KR,MAS,291,345,361,601.9,1.73,600.2,,0,,,,,,,,,,,,,,,,,,,,,,,,,,,,,,
,,,,,,,,,,,,,,,,,,,,,,,,,,,,,,,,,,,,,,,,,,,,,,,,,,
,,,,,,,,,,,,,,,,,,,,,,,,,,,,,,,,,,,,,,,,,,,,,,,,,,
,,,,,,,,,,,,,,,,,,,,,,,,,,,,,,,,,,,,,,,,,,,,,,,,,,
,,,,,,,,,,,,,,,,,,,,,,,,,,,,,,,,,,,,,,,,,,,,,,,,,,
,,,,,,,,,,,,,,,,,,,,,,,,,,,,,,,,,,,,,,,,,,,,,,,,,,
,,,,,,,,,,,,,,,,,,,,,,,,,,,,,,,,,,,,,,,,,,,,,,,,,,
,,,,,,,,,,,,,,,,,,,,,,,,,,,,,,,,,,,,,,,,,,,,,,,,,,
,,,,,,,,,,,,,,,,,,,,,,,,,,,,,,,,,,,,,,,,,,,,,,,,,,
,,,,,,,,,,,,,,,,,,,,,,,,,,,,,,,,,,,,,,,,,,,,,,,,,,
,,,,,,,,,,,,,,,,,,,,,,,,,,,,,,,,,,,,,,,,,,,,,,,,,,
,,,,,,,,,,,,,,,,,,,,,,,,,,,,,,,,,,,,,,,,,,,,,,,,,,
,,,,,,,,,,,,,,,,,,,,,,,,,,,,,,,,,,,,,,,,,,,,,,,,,,
,,,,,,,,,,,,,,,,,,,,,,,,,,,,,,,,,,,,,,,,,,,,,,,,,,
,,,,,,,,,,,,,,,,,,,,,,,,,,,,,,,,,,,,,,,,,,,,,,,,,,
,,,,,,,,,,,,,,,,,,,,,,,,,,,,,,,,,,,,,,,,,,,,,,,,,,
,,,,,,,,,,,,,,,,,,,,,,,,,,,,,,,,,,,,,,,,,,,,,,,,,,
,,,,,,,,,,,,,,,,,,,,,,,,,,,,,,,,,,,,,,,,,,,,,,,,,,
,,,,,,,,,,,,,,,,,,,,,,,,,,,,,,,,,,,,,,,,,,,,,,,,,,
,,,,,,,,,,,,,,,,,,,,,,,,,,,,,,,,,,,,,,,,,,,,,,,,,,
,,,,,,,,,,,,,,,,,,,,,,,,,,,,,,,,,,,,,,,,,,,,,,,,,,
,,,,,,,,,,,,,,,,,,,,,,,,,,,,,,,,,,,,,,,,,,,,,,,,,,
,,,,,,,,,,,,,,,,,,,,,,,,,,,,,,,,,,,,,,,,,,,,,,,,,,
,,,,,,,,,,,,,,,,,,,,,,,,,,,,,,,,,,,,,,,,,,,,,,,,,,
,,,,,,,,,,,,,,,,,,,,,,,,,,,,,,,,,,,,,,,,,,,,,,,,,,
,,,,,,,,,,,,,,,,,,,,,,,,,,,,,,,,,,,,,,,,,,,,,,,,,,
,,,,,,,,,,,,,,,,,,,,,,,,,,,,,,,,,,,,,,,,,,,,,,,,,,
,,,,,,,,,,,,,,,,,,,,,,,,,,,,,,,,,,,,,,,,,,,,,,,,,,
,,,,,,,,,,,,,,,,,,,,,,,,,,,,,,,,,,,,,,,,,,,,,,,,,,
,,,,,,,,,,,,,,,,,,,,,,,,,,,,,,,,,,,,,,,,,,,,,,,,,,